房贷占收入比,车贷占收入比,动力性表现得分,品牌类型,家庭年收入,居住时间,家庭成员数,居住区域类型,单位性质,职位类型,最高学历,户口类型,驾龄,工作年限,子女数,购买意愿
0,30,77.76249789,3,18,20,3,1,4,4,6,2,3,5,1,0
0,0,88.86999791,3,24,32,5,1,5,2,4,2,8,9,1,0
18,25,66.65499787,3,27,34,3,1,4,7,6,2,5,10,1,0
0,0,66.65499787,3,25,36,3,1,4,2,6,2,5,13,1,0
30,5,69.89531806,3,15,15,3,1,3,2,6,1,6,9,1,0
0,0,67.95578514,3,15,15,3,1,3,3,6,1,5,10,1,0
20,20,55.54749785,3,22,22,4,6,5,8,5,1,2,1,0,0
15,20,87.68967176,3,51,30,3,2,1,2,6,2,5,11,1,0
26,15,73.22139044,3,26,16,6,1,3,2,4,1,10,10,2,0
35,5,77.76249789,3,10,5,4,1,7,9,5,1,5,3,1,0
0,25,69.89531806,3,20,5,3,2,4,6,4,2,5,30,1,0
20,0,99.97749794,3,25,29,5,1,4,3,8,2,8,4,1,1
0,0,55.54749785,3,30,12,3,2,1,8,6,2,2,6,0,0
0,0,82.6138424,3,38,10,5,1,3,7,6,1,7,9,1,0
0,0,77.92675219,3,60,40,3,1,5,1,6,2,12,15,1,0
0,0,66.59476732,3,60,35,5,1,3,3,4,2,11,10,1,0
0,0,82.7780967,3,50,40,3,2,4,2,5,2,11,16,1,0
30,20,99.97749794,3,42,29,5,2,4,3,8,2,8,4,1,0
15,0,53.93210689,3,40,2,3,3,4,8,6,1,4,4,1,0
40,8,80.83856378,1,25,30,3,1,4,3,6,2,10,8,1,0
25,25,88.86999791,1,25,12,5,2,3,4,6,2,4,11,1,0
15,30,90.64527653,1,23,29,5,1,6,5,6,2,5,6,1,0
0,0,66.65499787,1,35,15,4,1,1,3,5,1,20,21,2,0
18,25,71.67059668,1,34,8,4,2,7,9,6,1,2,1,0,0
10,20,93.88559672,1,30,15,3,1,3,4,6,2,8,9,1,0
18,0,88.86999791,1,48,35,4,2,4,2,6,2,10,13,2,0
25,20,91.9460638,1,45,14,5,2,3,4,6,2,5,11,1,0
12,5,71.50634238,1,11,35,3,3,1,2,5,2,10,12,1,0
15,0,88.86999791,1,10,31,5,1,5,2,6,2,6,7,1,0
0,35,99.97749794,1,33,36,3,1,4,6,5,2,10,14,1,0
40,0,66.65499787,1,15,5,2,1,2,2,5,2,3,5,0,0
0,0,85.79393203,1,22,13,3,2,5,5,5,1,8,3,1,0
20,15,99.97749794,1,30,15,3,1,1,3,6,2,5,6,1,0
10,10,77.76249789,1,70,11,3,2,7,9,6,2,10,11,1,0
30,20,54.24394185,1,14,32,5,1,3,6,8,1,5,10,1,0
50,10,72.74689909,1,15,12,3,1,4,2,4,2,5,21,1,0
0,20,71.13587477,1,24,30,2,2,2,3,6,1,1,8,0,0
0,25,79.45202431,1,23,25,3,3,6,5,5,2,2,1,0,0
25,0,74.68643201,1,14,22,5,1,2,6,6,2,5,12,1,0
10,25,53.20673609,1,26,20,3,1,4,3,5,1,5,8,1,0
20,10,72.97138394,1,50,12,5,1,4,9,5,1,6,12,1,0
10,0,63.63916254,1,49,15,5,2,3,3,8,1,21,17,1,0
10,5,85.62967773,1,15,35,3,2,6,2,6,2,10,15,2,0
0,0,47.98215523,1,20,6,4,1,2,2,6,1,11,11,1,0
0,0,87.09471929,1,20,36,2,1,5,4,6,2,5,13,0,0
20,30,95.12615343,1,20,29,3,1,4,2,8,2,8,4,1,0
20,28,49.28571123,1,25,11,3,1,4,7,6,2,4,11,1,0
20,30,88.86999791,1,23,31,5,2,6,4,6,2,6,7,1,0
14,16,80.77833322,1,39,39,3,1,4,1,5,2,15,15,1,0
30,0,79.53777651,1,30,36,5,1,4,4,4,2,14,14,1,0
35,5,77.92675219,1,36,15,4,3,7,9,6,1,6,15,2,0
15,6,82.55361184,1,30,15,5,2,6,4,4,2,14,15,1,0
15,0,99.97749794,1,35,60,3,1,4,1,5,2,30,38,1,0
0,0,86.01841688,1,40,20,3,1,5,2,6,1,3,7,0,0
0,0,82.30360534,2,29,15,4,3,6,3,5,2,8,9,1,0
30,0,80.94258752,2,13,33,5,1,3,5,6,2,5,10,1,0
0,0,77.76249789,2,29,14,5,3,3,2,5,2,8,11,1,0
15,0,63.57893199,2,12,29,5,1,2,4,6,1,3,6,1,0
15,0,69.73106376,2,14,15,5,2,4,8,5,2,8,10,1,0
0,25,67.95578514,2,18,32,2,1,4,4,6,2,6,8,0,0
0,0,72.74689909,2,60,20,4,2,6,3,8,1,12,15,2,0
0,0,81.00281808,2,29,36,4,2,5,2,6,2,10,11,2,0
15,0,72.91115339,2,20,20,3,2,4,2,6,1,1,10,1,0
0,0,77.76249789,2,20,10,3,1,4,1,4,1,10,15,1,0
0,0,87.7936955,2,29,14,5,2,6,6,5,2,8,10,1,1
30,25,79.22753946,2,20,10,5,2,6,4,6,2,7,10,1,0
0,0,77.76249789,2,27,35,3,2,3,2,6,2,6,13,1,0
0,0,71.50634238,2,20,8,3,2,6,6,5,1,14,11,1,0
18,33,88.64551306,2,20,25,3,1,4,2,5,2,18,17,1,0
30,10,69.6708332,2,20,45,2,4,3,4,5,2,15,20,0,0
40,10,77.76249789,2,20,5,3,1,3,2,6,1,6,7,1,0
0,0,80.83856378,2,38,36,3,1,4,2,4,2,3,14,1,1
0,0,71.28185752,2,30,30,2,1,5,2,6,2,10,8,0,0
0,0,75.98721927,2,36,34,4,2,6,2,6,2,6,10,1,0
12,0,76.04744983,2,30,13,5,2,4,3,6,2,9,10,1,0
10,5,74.52217771,2,40,11,3,1,3,2,6,2,6,10,1,0
10,10,84.01865341,2,60,12,3,2,7,9,6,2,11,8,0,0
0,0,84.01865341,2,22,20,4,2,5,6,5,2,8,11,1,0
0,0,82.7780967,2,14,20,3,1,4,8,4,2,4,7,1,0
0,0,84.01865341,2,28,16,4,3,4,4,5,2,8,11,1,0
20,35,77.76249789,2,20,35,3,1,3,2,4,2,6,10,1,0
0,0,75.92698872,2,15,15,3,1,4,8,5,2,3,8,1,0
30,0,84.01865341,2,18,27,2,1,4,5,6,1,5,9,0,0
0,0,88.86999791,2,23,28,2,1,6,4,6,2,6,5,0,1
0,0,76.15147357,2,18,40,6,1,4,4,6,2,20,20,2,0
30,20,79.76226137,2,15,38,5,1,6,5,5,2,15,15,1,0
20,10,71.67059668,2,16,25,3,1,7,9,4,2,5,3,0,0
0,0,82.7780967,2,20,26,3,2,6,8,6,2,1,4,0,0
30,10,87.09471929,2,20,35,4,1,3,4,5,2,15,15,2,0
20,20,69.89531806,2,26,30,3,2,4,2,6,2,8,8,1,0
20,25,79.1673089,2,22,13,5,2,6,6,6,2,5,15,1,0
20,30,69.8350875,2,20,12,5,2,6,4,4,2,7,7,1,0
10,10,81.00281808,2,60,7,3,2,7,9,6,1,9,7,0,0
10,10,74.74666256,2,60,12,4,2,7,9,6,2,9,8,0,0
25,10,79.53777651,2,50,23,4,1,1,2,8,2,10,16,0,0
0,20,93.72134242,2,30,28,3,2,7,9,6,2,6,5,0,0
0,13,77.98698275,2,25,30,3,2,4,8,5,2,2,7,1,0
0,0,84.01865341,2,13,20,2,1,3,5,6,1,4,7,0,0
10,0,76.27193468,2,12,32,3,2,3,5,5,2,6,9,1,0
25,0,72.74689909,2,15,25,2,1,4,8,5,1,4,9,0,0
10,10,61.63939907,2,15,40,2,2,3,4,5,2,20,16,0,0
30,0,80.83856378,2,20,7,2,2,8,10,6,2,6,5,0,0
20,10,79.53777651,2,16,15,3,1,5,6,4,2,12,14,1,0
20,10,71.50634238,2,20,35,2,2,3,6,4,2,15,12,0,0
18,20,73.4458753,2,24,15,3,1,3,4,6,2,8,17,1,0
0,0,61.63939907,2,40,32,3,1,4,4,5,2,8,8,1,0
0,0,66.49074357,2,40,34,2,1,7,9,5,2,12,13,0,0
12,0,69.73106376,2,17,18,4,2,6,4,4,2,7,8,1,0
0,27,77.76249789,2,15,6,4,5,4,6,4,3,15,16,2,0
40,15,75.82296497,2,17,35,3,1,5,6,5,2,5,15,0,0
0,0,71.67059668,2,19,40,3,2,2,4,6,2,15,16,1,0
20,20,99.97749794,2,24,40,3,1,4,2,4,2,15,18,1,0
10,5,80.83856378,2,20,9,3,2,5,4,6,1,6,7,1,0
20,33,88.86999791,2,40,6,3,1,3,3,4,2,5,15,1,0
18,25,91.9460638,2,40,35,4,1,4,2,6,2,10,13,2,0
0,0,77.76249789,2,28,17,5,2,4,6,5,2,7,10,1,0
10,10,81.00281808,2,30,15,3,2,7,9,5,2,8,7,1,0
0,0,65.18995631,2,16,11,3,3,4,5,6,1,1,1,1,0
0,0,77.76249789,2,18,12,4,1,4,2,5,1,5,15,2,0
0,0,56.01922047,2,36,28,5,1,6,8,6,2,6,6,1,0
30,20,58.78781804,2,30,15,3,1,4,2,5,1,18,17,1,0
0,0,79.53777651,2,32,28,5,1,5,6,6,2,6,7,1,0
16,6,72.74689909,2,28,31,6,1,4,3,6,2,7,7,2,0
15,15,69.6708332,2,20,10,6,2,6,2,4,2,8,10,2,0
20,0,77.76249789,2,12,20,5,2,3,4,5,1,4,11,1,0
0,0,69.89531806,2,18,15,3,2,4,2,6,2,10,15,1,0
3,1,83.85439911,2,25,26,3,1,4,5,6,2,6,5,0,0
0,0,60.3386118,2,18,28,3,3,1,5,6,2,1,4,1,0
10,0,77.76249789,2,30,13,4,2,4,3,6,2,7,10,1,0
23,8,77.76249789,2,17,32,3,2,7,9,4,2,8,8,1,0
20,10,72.74689909,2,18,20,1,3,3,7,6,1,10,10,0,0
20,5,63.57893199,2,25,33,5,1,5,2,4,2,8,11,1,0
0,0,68.12003944,2,28,30,3,1,3,4,6,2,10,8,0,0
0,0,85.85416258,2,20,10,4,1,6,7,5,2,9,8,0,0
40,10,60.39884236,2,24,33,4,1,4,3,6,2,13,10,2,0
35,10,85.79393203,2,25,20,6,1,3,2,6,1,15,12,1,0
0,0,84.07888396,2,22,21,3,2,4,2,6,1,8,14,1,0
40,10,80.94258752,2,20,8,3,2,4,8,6,1,8,9,1,0
0,0,80.83856378,2,30,38,5,2,5,4,6,2,5,13,1,0
11,9,48.91650808,2,32,35,5,1,4,1,6,2,10,12,1,0
0,0,77.76249789,2,36,25,3,1,5,2,6,1,5,7,1,0
0,0,72.91115339,2,40,35,2,1,5,2,6,2,15,11,0,0
0,0,72.91115339,2,30,35,2,1,3,2,6,2,12,13,0,0
18,0,85.85416258,2,34,31,6,1,4,2,6,2,5,9,2,0
0,0,79.70203081,2,40,30,3,2,6,4,6,1,5,14,1,0
10,10,71.44611182,2,65,11,3,2,7,9,5,2,10,6,0,0
0,0,72.80712964,2,40,33,2,1,5,4,5,2,10,13,0,0
14,6,83.85439911,2,40,10,4,3,4,7,6,1,4,10,1,1
0,0,74.52217771,2,50,40,3,1,3,2,6,2,11,16,1,0
20,10,82.6138424,2,10,33,5,2,4,6,5,2,4,9,1,0
0,0,72.91115339,2,18,10,3,2,4,2,6,1,1,12,1,0
3,2,55.54749785,2,15,30,4,2,3,4,5,2,3,8,2,0
20,0,72.97138394,2,16,10,3,2,3,2,6,1,12,23,1,0
12,0,74.58240826,2,18,33,3,1,3,5,6,2,5,9,1,0
0,0,81.00281808,2,25,36,3,1,3,2,4,2,10,13,1,0
5,0,66.65499787,2,28,35,3,2,4,7,6,2,3,12,1,0
10,10,74.74666256,2,20,30,3,1,4,9,6,1,2,11,1,0
20,0,79.22753946,2,25,15,4,1,3,2,5,2,5,10,2,0
0,17,77.76249789,2,25,18,3,1,2,4,6,1,12,11,1,0
0,0,71.44611182,2,20,10,3,1,3,8,6,1,2,2,0,0
20,30,82.7780967,2,20,15,3,2,4,4,6,2,7,9,1,0
18,40,78.23698925,2,22,15,3,2,4,2,6,2,8,9,1,0
0,0,74.74666256,2,25,39,3,1,4,6,6,2,10,15,1,0
0,20,85.62967773,2,21,20,4,1,4,2,5,2,8,11,2,0
20,0,60.3386118,2,27,28,5,2,2,5,4,2,3,10,1,0
20,20,96.90143205,2,24,16,3,2,6,8,6,2,14,9,1,0
0,0,88.86999791,2,25,20,5,1,7,9,6,1,8,8,1,1
20,25,99.97749794,2,28,28,5,1,4,3,6,2,10,12,1,0
0,35,96.9616626,2,24,34,5,1,4,7,4,2,8,10,1,0
10,5,77.76249789,2,20,30,1,1,7,9,6,2,10,8,0,0
18,25,79.53777651,2,26,8,3,2,4,4,5,1,5,9,1,0
15,0,74.68643201,2,23,37,3,1,5,4,5,2,7,14,1,0
20,0,63.47490824,2,23,32,3,1,4,4,5,2,8,10,1,0
30,20,83.85439911,2,30,8,3,2,7,9,6,2,6,6,1,0
20,15,75.76273442,2,24,39,4,1,5,4,6,2,8,16,2,0
20,25,64.87971925,2,20,32,2,1,3,4,5,2,2,7,0,0
15,40,77.70226734,2,27,28,3,2,4,3,5,2,6,16,0,0
25,5,72.91115339,2,21,9,3,1,2,4,8,1,3,5,1,0
15,5,74.68643201,2,22,39,3,1,6,4,4,2,15,16,1,0
0,0,69.73106376,2,25,27,5,1,4,2,5,2,5,5,1,0
0,0,77.76249789,2,28,28,2,1,3,7,6,2,5,5,0,0
20,10,77.59824359,2,22,10,3,1,6,2,6,1,11,10,1,0
0,0,72.74689909,2,20,15,5,4,4,4,5,1,3,5,1,0
30,25,84.01865341,2,25,10,3,2,6,5,5,2,5,15,1,0
30,0,75.98721927,2,21,32,3,2,5,6,6,2,10,9,1,0
15,0,75.98721927,2,23,35,3,1,5,4,5,2,7,15,1,0
0,0,80.83856378,2,22,35,3,1,1,4,5,2,1,11,1,0
15,0,77.76249789,2,30,20,4,2,4,2,6,2,7,9,1,0
0,0,59.09805509,2,30,35,3,1,3,2,5,2,1,14,1,0
16,0,77.76249789,2,34,15,3,1,4,3,6,1,7,10,3,0
15,35,85.62967773,2,36,29,3,2,4,7,5,2,7,17,0,0
15,35,83.85439911,2,32,27,3,2,4,7,6,2,5,5,0,0
0,30,88.86999791,2,32,51,5,4,4,2,6,2,12,27,1,0
15,30,76.46171063,2,30,29,3,2,4,2,6,2,7,16,0,0
0,25,93.88559672,2,30,30,5,1,4,3,6,2,6,8,1,0
15,20,58.56333318,2,32,18,5,2,6,2,5,1,10,17,1,0
20,5,82.6138424,2,35,20,3,3,2,7,5,2,6,14,1,0
20,20,85.95818633,2,31,10,3,2,3,4,6,2,8,8,1,0
21,20,87.09471929,2,33,32,3,1,1,2,5,2,13,14,1,0
0,13,80.83856378,2,30,30,5,1,4,2,6,2,7,6,1,1
35,10,76.15147357,2,30,9,3,2,5,8,6,1,10,6,1,0
0,0,77.76249789,2,30,30,3,2,6,5,4,2,3,7,0,0
0,23,71.19610532,2,43,20,4,1,5,4,8,2,10,14,2,0
22,0,77.76249789,2,40,15,3,1,3,3,8,1,12,10,1,0
0,0,84.01865341,2,60,40,3,1,7,9,5,2,13,17,1,1
0,0,77.76249789,2,40,25,3,1,5,4,8,2,4,3,0,0
0,0,85.79393203,2,40,35,4,1,2,2,5,2,15,15,2,1
0,30,85.79393203,2,40,31,6,2,4,2,6,2,8,8,2,0
0,30,83.85439911,2,48,35,4,1,4,7,6,2,10,13,2,0
0,0,72.91115339,2,45,4,3,1,3,2,6,1,7,10,1,0
10,10,77.76249789,2,60,10,3,2,7,9,5,2,8,8,0,0
45,0,69.6708332,2,40,40,5,2,6,2,4,2,16,17,1,0
0,300,88.86999791,2,10,35,3,2,2,3,5,1,8,11,1,0
0,0,84.01865341,2,36,30,4,1,6,2,5,2,8,8,2,0
0,0,80.83856378,2,12,31,4,2,4,4,5,2,7,8,2,0
0,0,80.83856378,2,13,35,3,1,4,4,5,2,3,12,1,0
0,0,63.41467769,2,30,35,4,1,3,2,4,2,7,12,2,0
0,0,80.77833322,2,14,15,5,1,5,7,5,1,4,7,1,0
0,0,85.62967773,2,30,33,6,1,5,3,6,2,8,9,2,1
20,6,86.930465,2,17,37,4,2,5,4,5,2,9,14,2,0
20,5,87.09471929,2,18,33,3,2,2,1,6,2,12,10,1,0
13,10,85.62967773,2,15,10,1,2,6,5,6,1,5,6,0,0
30,8,69.6708332,2,18,20,3,3,3,2,5,2,5,11,1,0
12,0,74.68643201,2,18,32,3,1,4,7,6,2,6,9,1,0
0,0,55.54749785,2,18,35,4,1,4,8,6,2,3,11,2,0
10,8,74.58240826,2,18,12,3,2,5,2,5,1,8,11,1,0
0,0,69.89531806,2,18,8,3,1,4,1,5,1,10,17,1,0
40,0,88.86999791,2,24,33,3,1,3,3,8,2,8,7,1,0
30,5,80.83856378,2,20,5,3,1,2,2,5,2,7,12,1,0
0,0,87.09471929,2,28,32,5,1,3,9,6,2,7,8,1,1
0,0,85.85416258,2,27,30,5,1,6,2,6,2,5,7,1,0
18,6,77.92675219,2,25,30,3,1,3,4,6,2,3,6,1,0
0,0,88.70574362,2,25,35,4,1,3,2,5,2,10,13,2,1
0,0,80.83856378,2,24,10,3,1,4,3,6,2,12,12,1,0
20,33,68.37004594,2,24,31,3,2,4,3,6,2,8,9,1,0
15,25,68.43027649,2,23,20,3,2,4,4,6,2,2,6,1,0
20,30,77.76249789,2,20,10,5,2,4,7,6,1,5,12,1,0
0,20,84.07888396,2,21,20,5,2,4,5,6,2,8,9,1,0
0,35,68.05980888,2,20,10,3,1,5,2,6,1,3,5,0,0
20,0,66.65499787,2,20,45,3,1,3,6,5,2,15,25,1,0
30,20,76.46171063,2,25,12,5,2,4,3,5,2,9,12,1,0
30,25,74.68643201,2,25,10,3,2,4,3,5,2,5,15,1,0
15,0,77.76249789,2,20,34,3,1,6,4,4,2,5,11,1,0
20,0,72.91115339,2,23,32,3,1,4,7,5,2,8,10,1,0
20,33,64.87971925,2,20,9,3,2,3,7,8,2,5,5,1,0
30,15,77.76249789,2,20,15,5,2,3,4,6,2,5,9,1,0
10,10,66.65499787,2,20,40,3,4,5,2,5,2,20,20,1,0
20,30,71.67059668,2,24,30,3,1,5,8,6,1,1,5,1,0
30,10,53.54321989,2,30,3,2,2,4,8,6,1,6,5,0,0
30,10,75.98721927,2,30,30,5,1,4,2,5,2,10,8,1,0
25,5,77.76249789,2,30,32,1,1,6,3,6,2,10,10,0,0
0,0,88.86999791,2,33,32,5,1,3,3,6,2,12,10,2,1
0,0,74.68643201,2,35,10,3,1,5,3,5,2,15,12,1,0
10,10,84.01865341,2,30,10,3,2,8,10,5,2,5,9,0,0
37,8,79.37352221,2,36,29,2,1,5,2,6,2,3,7,0,0
0,0,72.74689909,2,30,6,2,3,4,2,4,1,9,10,0,0
0,0,85.85416258,2,30,10,3,1,9,11,5,1,2,15,1,1
0,0,81.00281808,2,35,27,4,2,3,4,6,2,3,2,0,0
50,10,61.63939907,2,30,30,3,1,5,2,3,1,7,17,1,0
40,8,58.9493036,2,30,2,3,2,1,5,5,2,2,1,0,0
18,0,74.52217771,2,39,39,3,1,4,4,5,2,10,16,1,0
10,10,80.83856378,2,60,20,2,2,7,9,5,1,10,10,0,0
10,10,83.85439911,2,50,6,3,2,7,9,5,2,8,6,0,0
30,0,82.55361184,2,40,13,3,3,6,6,6,1,6,10,1,0
15,0,72.74689909,2,40,8,2,1,5,2,6,1,8,9,0,0
0,0,71.50634238,2,40,5,5,1,4,5,5,1,5,5,1,0
0,0,71.44611182,2,70,10,3,1,7,9,5,1,10,15,1,0
20,0,66.65499787,2,58,15,3,1,1,2,6,2,5,8,1,0
0,25,88.86999791,2,41,28,3,2,4,6,6,2,7,5,1,0
0,0,49.45011338,2,35,14,3,3,7,9,5,1,2,5,1,0
16,0,77.28800654,2,11,25,3,1,4,8,6,2,5,3,0,0
15,20,96.73717775,2,12,38,3,2,4,6,6,2,15,16,1,0
10,10,74.68643201,2,14,25,3,1,1,4,5,1,3,3,0,0
12,10,72.91115339,2,13,15,3,2,4,6,5,2,10,15,1,0
22,8,82.07912049,2,14,35,3,1,5,4,5,2,8,15,0,0
13,6,36.56282025,2,25,28,4,2,4,8,6,2,2,5,0,0
0,50,57.32277647,2,13,29,3,3,4,7,6,2,3,5,1,0
20,20,88.86999791,2,14,34,3,1,4,4,4,2,2,12,1,0
20,10,79.06328516,2,18,10,3,3,4,4,5,1,10,16,1,0
40,10,88.86999791,2,15,37,3,2,7,9,6,2,12,13,1,0
20,10,71.44611182,2,17,28,4,1,4,5,6,2,7,6,0,0
0,0,79.53777651,2,15,36,3,1,6,4,5,2,10,15,1,0
30,6,58.78781804,2,30,24,2,1,4,9,5,2,5,3,0,0
0,0,79.76226137,2,25,27,4,1,4,8,5,2,5,5,1,0
18,30,72.91115339,2,17,37,3,2,4,4,4,2,3,14,1,0
0,0,79.53777651,2,19,30,1,1,4,3,6,1,8,8,0,1
0,35,53.22515547,2,15,15,5,2,4,3,5,1,8,12,1,0
20,0,60.39884236,2,25,10,3,2,4,3,6,2,3,10,1,0
15,0,77.76249789,2,21,33,3,1,6,4,6,2,7,10,1,0
11,5,63.16307328,2,21,11,3,1,3,6,5,1,4,12,1,0
10,0,80.77833322,2,20,32,3,1,4,5,5,2,8,10,1,0
15,0,77.76249789,2,23,38,4,1,4,4,5,2,7,14,2,0
25,15,80.61407893,2,25,39,5,1,3,4,6,2,8,16,1,0
24,7,82.6138424,2,25,12,4,1,5,2,6,2,12,13,2,0
0,0,90.27480892,2,20,8,4,1,4,2,6,1,2,8,0,0
20,5,63.41467769,2,25,35,4,1,5,7,5,2,5,12,2,0
30,5,66.65499787,2,20,13,2,1,4,7,6,1,6,6,0,0
0,0,74.68643201,2,20,30,5,3,3,8,5,2,3,6,1,0
0,0,74.52217771,2,20,31,5,2,4,4,5,2,5,8,1,0
36,0,80.83856378,2,28,29,5,2,8,10,5,2,4,5,1,0
0,25,93.88559672,2,24,30,3,2,4,2,6,2,10,8,1,0
20,20,81.00281808,2,26,7,2,2,3,5,5,1,5,14,0,0
30,25,77.76249789,2,25,10,3,2,4,4,5,1,5,15,1,0
10,25,99.97749794,2,25,9,5,1,3,7,6,2,6,13,1,0
30,20,80.83856378,2,30,8,3,3,7,9,6,1,6,10,1,0
10,10,85.85416258,2,30,8,3,2,8,10,5,2,6,6,0,1
10,10,77.76249789,2,30,6,3,2,8,10,5,2,10,7,0,0
30,5,64.87971925,2,30,18,3,1,6,5,5,2,10,7,1,0
10,10,83.85439911,2,30,14,2,2,8,10,6,2,8,9,0,0
20,20,77.76249789,2,40,10,5,4,7,9,6,1,8,8,1,0
40,0,49.22542647,2,40,4,3,3,4,7,5,1,6,4,0,0
0,0,69.73106376,2,60,6,4,2,1,2,6,2,3,10,0,0
20,20,66.65499787,2,50,25,5,2,9,11,4,1,21,19,2,0
10,10,85.79393203,2,70,13,2,2,7,9,6,1,9,9,0,1
18,20,80.94258752,2,40,32,1,1,4,3,6,2,1,10,0,0
20,20,71.50634238,2,17,25,2,1,6,7,4,2,6,3,0,0
50,20,60.3386118,2,10,2,2,2,4,4,4,1,2,1,0,0
0,0,77.76249789,2,40,30,1,2,6,7,5,2,4,7,0,0
25,15,71.19610532,2,28,30,5,2,8,10,5,2,15,19,2,0
0,0,77.76249789,2,22,30,1,2,5,7,6,2,3,6,0,0
0,0,69.73106376,2,12,33,4,2,2,4,5,2,8,10,2,0
40,10,69.6708332,2,16,5,5,2,5,4,5,1,3,12,1,0
0,17,84.01865341,2,28,35,4,2,4,3,4,2,12,13,2,0
0,0,77.82272845,2,18,17,3,2,7,9,5,2,12,10,1,0
10,20,74.68643201,2,16,8,3,1,1,6,6,2,10,13,1,0
20,5,63.57893199,2,17,30,3,1,5,2,6,2,10,7,1,0
15,20,66.43051302,2,40,37,4,3,6,3,4,2,12,13,2,0
0,23,77.70226734,2,28,45,4,2,8,10,4,2,20,23,2,0
12,0,77.92675219,2,19,36,3,1,4,5,6,2,6,13,1,0
20,0,96.90143205,2,17,17,4,2,6,5,5,2,3,1,0,0
20,9,85.85416258,2,22,38,4,1,5,5,6,2,10,14,1,0
20,33,85.62967773,2,29,29,3,2,4,7,4,2,7,18,0,0
0,20,81.00281808,2,20,11,3,2,6,4,6,2,5,9,1,0
20,15,85.79393203,2,20,25,3,2,7,9,8,2,20,13,1,0
15,0,76.46171063,2,23,34,3,1,4,4,6,2,7,10,1,0
0,0,77.76249789,2,25,39,5,2,3,2,6,2,15,19,1,1
0,0,72.97138394,2,20,30,3,2,5,7,6,2,3,7,0,0
35,25,80.83856378,2,20,15,3,3,5,4,6,2,10,10,0,0
0,0,71.67059668,2,20,20,4,1,6,7,6,2,10,8,0,0
50,0,74.52217771,2,30,35,3,1,5,2,6,2,10,12,1,0
0,30,79.53777651,2,25,21,6,2,4,6,6,2,16,22,2,0
20,20,66.65499787,2,20,7,5,2,6,5,6,1,2,5,1,0
20,20,84.01865341,2,35,10,3,3,8,10,6,2,8,8,1,0
35,0,75.98721927,2,30,30,3,1,4,2,6,2,7,8,1,0
10,10,87.09471929,2,30,12,3,2,7,9,6,2,8,7,0,0
10,0,66.81925217,2,30,15,4,1,4,2,5,1,5,10,2,0
10,10,77.76249789,2,65,10,3,2,7,9,6,1,9,7,0,0
15,5,71.44611182,2,40,8,4,1,4,2,5,1,1,11,2,0
20,0,77.92675219,2,8,18,3,2,2,5,6,2,10,13,1,0
15,20,82.24337479,2,10,30,3,2,4,5,6,2,5,6,1,0
15,10,79.53777651,2,10,3,1,4,9,11,4,1,3,5,0,0
0,0,65.35421061,2,10,32,4,2,3,8,5,2,10,10,1,0
0,0,71.34208808,2,23,5,2,2,4,1,8,2,18,18,0,0
0,0,81.31305513,2,10,5,3,1,5,8,4,1,2,3,0,1
30,0,83.85439911,2,11,15,3,3,3,6,3,1,6,12,1,0
1,15,72.52241424,2,12,28,2,2,3,4,6,2,3,5,0,0
40,0,87.09471929,2,25,40,5,3,7,9,5,2,21,21,1,0
0,13,82.38935755,2,28,29,5,2,4,4,6,2,8,6,1,0
0,0,83.85439911,2,30,32,3,1,6,3,5,2,11,8,1,1
0,0,88.86999791,2,18,15,3,1,3,4,6,2,8,8,1,1
20,5,77.76249789,2,16,10,3,2,2,4,6,1,6,8,1,0
0,12,77.76249789,2,24,35,4,2,2,7,6,2,10,12,2,0
40,10,77.70226734,2,25,40,3,2,3,7,6,2,20,21,1,0
15,5,74.74666256,2,15,10,3,2,4,4,6,1,8,9,1,0
10,5,88.86999791,2,15,3,6,2,5,8,5,2,2,5,2,0
0,0,84.07888396,2,19,15,3,3,4,2,6,1,11,8,1,0
12,0,69.73106376,2,11,30,4,2,2,4,6,2,8,8,1,0
10,0,77.76249789,2,25,32,3,1,4,7,5,2,6,10,1,0
25,10,71.13587477,2,28,31,3,3,4,4,6,2,5,8,1,0
30,5,81.00281808,2,20,6,3,1,6,3,8,2,9,12,1,0
30,10,82.6138424,2,24,30,2,2,4,7,6,2,5,5,0,0
0,7,85.85416258,2,20,32,2,2,4,7,4,2,6,8,0,1
0,0,74.68643201,2,25,15,5,2,3,8,5,1,4,6,1,0
10,20,99.97749794,2,26,16,3,2,6,2,5,2,14,10,1,0
24,20,72.91115339,2,38,15,6,3,7,9,6,1,13,13,2,0
20,0,80.83856378,2,35,35,3,1,3,4,5,2,9,13,1,0
50,10,77.76249789,2,30,7,5,1,6,4,5,1,7,10,1,0
20,35,77.76249789,2,30,31,3,2,5,2,6,1,6,6,1,0
30,10,88.86999791,2,40,26,3,1,2,8,5,2,6,6,0,0
0,0,74.52217771,2,30,35,3,1,4,1,4,2,16,11,1,0
10,10,88.86999791,2,50,10,3,2,7,9,5,2,11,8,0,0
10,0,76.04744983,2,12,29,3,3,3,4,5,2,3,5,1,0
40,10,77.70226734,2,20,20,4,2,5,7,5,2,6,16,1,0
20,10,77.76249789,2,18,26,3,1,4,4,6,2,6,4,0,0
0,12,66.43051302,2,25,3,2,3,4,8,4,1,6,3,0,0
15,6,69.89531806,2,15,15,3,1,3,4,4,2,10,8,1,0
0,0,87.25897359,2,16,17,3,2,3,4,5,1,10,13,1,0
10,15,77.76249789,2,16,31,4,1,4,2,6,2,5,10,0,0
20,0,70.20555511,2,23,20,3,2,4,8,6,2,2,6,1,0
50,30,74.62620145,2,20,32,4,1,4,6,4,2,5,10,0,0
15,0,71.50634238,2,20,30,3,1,4,7,6,2,5,9,1,0
11,0,85.79393203,2,25,25,3,1,5,5,6,2,7,4,0,0
12,6,77.76249789,2,20,30,3,1,5,4,5,2,5,8,1,0
0,0,60.56309666,2,25,29,3,2,2,5,6,2,3,6,0,0
0,0,85.62967773,2,25,30,3,2,6,4,6,2,5,6,0,1
40,10,85.79393203,2,25,10,6,1,4,2,4,1,12,15,1,0
40,10,77.82272845,2,20,28,6,1,4,4,5,2,5,7,2,0
10,10,69.73106376,2,20,5,2,4,6,3,6,1,8,12,0,0
10,10,71.50634238,2,25,10,2,2,3,2,6,1,5,7,0,0
0,0,73.0316145,2,20,29,6,3,4,1,5,2,8,7,2,0
0,0,81.06304863,2,20,20,5,2,5,2,5,2,10,15,1,0
21,0,85.62967773,2,20,20,5,2,4,4,5,2,10,10,1,0
40,10,65.12972575,2,25,6,3,1,4,8,5,1,3,4,0,0
0,0,64.8194887,2,23,35,3,1,7,9,6,2,15,12,0,0
0,0,95.12615343,2,20,34,3,1,5,4,6,2,6,10,1,1
0,0,82.7780967,2,20,20,4,1,6,8,5,2,9,6,0,0
0,27,66.65499787,2,20,6,4,1,7,9,4,1,6,6,1,0
30,0,84.07888396,2,23,36,3,1,4,4,5,2,7,12,1,0
0,0,77.76249789,2,20,13,1,2,6,5,6,1,4,4,0,0
15,5,80.83856378,2,20,20,3,1,6,1,8,2,13,12,1,0
20,5,79.31329166,2,25,11,3,2,5,2,4,1,12,12,1,0
0,0,80.77833322,2,23,25,5,1,7,9,6,2,13,15,2,0
0,0,83.85439911,2,23,21,5,1,7,9,5,1,13,15,2,0
0,0,74.52217771,2,23,37,3,2,4,2,4,2,7,15,1,0
25,10,84.01865341,2,20,35,3,1,2,4,5,2,8,13,1,0
0,17,82.6138424,2,20,14,2,2,4,8,6,1,4,5,0,0
0,0,74.52217771,2,20,10,3,1,4,2,6,1,15,17,1,0
0,0,84.01865341,2,21,24,3,2,7,9,4,1,10,11,1,0
0,17,85.62967773,2,28,35,4,1,2,2,5,2,15,13,2,0
0,0,72.74689909,2,20,10,3,1,3,2,6,1,8,8,1,0
25,30,63.63916254,2,22,20,3,1,4,4,6,2,5,10,1,0
20,20,99.97749794,2,20,5,3,1,4,1,6,2,5,8,1,0
20,20,68.43027649,2,23,30,5,2,4,2,6,2,5,9,1,0
10,0,77.76249789,2,22,5,3,2,5,2,8,2,10,5,1,0
25,0,85.62967773,2,33,25,2,2,5,4,6,2,7,3,0,0
40,10,61.80365337,2,30,20,4,1,5,4,5,1,2,18,2,0
30,20,77.76249789,2,32,6,3,4,6,7,6,1,8,10,1,0
40,15,80.83856378,2,30,10,3,1,3,2,5,2,5,15,1,0
0,0,76.29745633,2,30,26,4,1,5,5,6,2,7,4,0,0
13,5,81.00281808,2,30,30,5,1,4,2,6,2,7,7,1,0
17,6,82.07912049,2,34,32,4,1,3,3,6,2,10,9,2,0
30,5,63.57893199,2,30,4,2,2,4,2,4,1,6,10,0,0
35,20,74.74666256,2,35,10,3,1,5,2,8,2,6,6,1,0
0,0,71.13587477,2,35,28,5,2,4,8,5,2,7,6,1,0
20,0,68.43027649,2,30,27,3,1,4,4,6,2,3,5,0,0
30,0,77.76249789,2,35,10,3,1,4,3,4,1,12,12,1,0
0,0,77.76249789,2,36,15,3,1,3,7,6,2,10,6,1,1
30,5,82.7780967,2,30,20,3,1,4,8,6,2,1,1,0,0
40,8,79.22753946,2,30,35,4,1,4,3,6,2,12,13,2,0
10,5,55.70898342,2,30,9,5,1,4,7,5,2,6,3,1,0
15,6,77.76249789,2,30,15,3,1,7,9,6,2,3,12,1,0
0,0,85.62967773,2,30,8,4,1,4,9,5,1,2,8,0,1
12,0,66.65499787,2,35,18,3,1,6,2,6,2,9,12,1,0
15,0,77.76249789,2,35,18,3,1,8,10,4,2,10,18,1,0
18,0,80.83856378,2,32,20,4,2,3,5,6,1,8,11,2,0
30,0,82.7780967,2,38,35,3,2,2,7,6,2,15,13,1,0
30,5,57.32277647,2,30,17,3,2,4,3,6,2,13,13,1,0
0,30,99.97749794,2,30,30,3,2,4,7,6,2,8,6,1,0
15,30,99.97749794,2,30,20,5,1,1,1,8,2,12,12,1,0
20,20,75.98721927,2,38,35,5,1,4,6,5,2,14,11,1,0
15,0,63.5159327,2,35,10,3,1,3,5,6,2,6,5,1,0
35,0,83.85439911,2,40,10,6,2,7,9,5,2,4,8,2,0
10,10,79.59800707,2,40,5,2,2,7,9,6,1,10,8,0,0
10,10,84.07888396,2,50,10,3,2,7,9,4,1,10,7,0,0
30,10,87.15494985,2,50,30,1,2,3,2,5,2,10,7,0,0
10,10,79.53777651,2,60,9,1,2,7,9,5,1,8,6,0,0
10,10,87.09471929,2,56,8,3,2,7,9,6,2,5,7,0,0
15,8,77.53801304,2,50,12,4,1,3,1,6,2,12,15,2,0
0,0,63.57893199,2,40,34,3,1,3,2,6,2,8,11,1,0
0,0,83.79416855,2,42,8,5,1,3,7,6,1,7,7,1,0
10,10,85.85416258,2,60,12,2,2,7,9,5,1,9,8,0,0
0,0,81.00281808,2,50,40,3,1,4,3,4,2,11,16,1,0
35,11,60.39884236,2,40,15,3,3,4,3,6,1,10,12,1,0
0,0,74.52217771,2,50,6,3,1,4,2,5,1,7,8,1,0
20,0,99.97749794,1,13,10,3,1,3,5,6,1,11,16,1,0
0,25,68.65476135,1,28,15,3,1,3,3,6,2,12,17,1,0
10,0,84.01865341,1,22,10,5,1,6,3,6,2,8,10,1,1
35,0,75.82296497,1,20,30,4,1,5,1,6,2,8,7,0,0
25,5,77.82272845,1,20,38,3,1,5,5,6,2,15,15,1,0
50,0,74.68643201,1,25,36,3,1,6,4,5,2,8,12,1,0
0,0,88.86999791,1,23,21,5,2,4,2,4,2,10,11,1,0
20,10,66.65499787,1,20,20,3,1,6,7,5,1,5,14,1,0
12,14,83.85439911,1,35,40,3,1,5,2,6,2,16,16,1,0
20,5,84.07888396,1,80,37,3,1,5,6,6,2,15,15,1,0
20,0,87.09471929,1,30,34,3,2,5,3,6,2,10,10,1,0
18,30,85.62967773,1,32,33,2,3,5,6,5,2,3,10,0,0
20,0,74.85068631,1,30,20,3,2,4,6,5,2,8,23,1,0
10,0,77.76249789,1,70,38,3,1,5,3,8,2,15,15,1,0
25,10,93.35087481,1,50,24,1,2,7,9,6,2,1,3,0,0
20,20,87.09471929,1,55,30,3,1,4,2,5,1,20,17,1,0
18,25,83.85439911,1,40,35,3,2,6,7,5,2,3,12,1,0
20,8,85.62967773,1,70,34,3,1,5,4,6,2,13,13,1,0
20,7,87.09471929,1,80,34,3,2,5,5,4,2,13,13,1,0
20,5,81.00281808,1,50,36,3,2,5,4,6,2,15,15,1,0
20,0,77.76249789,1,60,39,4,1,5,3,8,2,15,15,2,0
15,5,72.91115339,1,40,15,3,1,5,3,5,1,10,10,1,0
0,50,82.7780967,1,13,20,5,2,1,2,5,2,12,10,1,0
25,10,75.98721927,1,15,15,3,2,5,4,6,2,5,10,1,0
35,0,82.6138424,1,29,20,5,1,7,9,5,1,10,10,2,0
0,0,84.01865341,1,24,11,3,2,7,9,4,2,7,11,1,0
43,23,77.76249789,1,26,6,4,1,5,3,6,1,6,14,0,0
20,10,72.74689909,1,20,34,3,2,5,4,5,2,12,11,1,0
0,0,84.01865341,1,20,35,3,1,3,6,6,2,1,12,1,0
0,0,87.15494985,1,38,5,3,1,6,7,5,2,6,7,1,0
20,15,77.92675219,1,33,6,2,1,6,2,5,2,3,8,0,0
0,0,61.86388392,1,30,12,3,1,3,4,6,2,11,12,1,0
20,30,88.64551306,1,20,39,6,2,4,2,6,1,5,16,2,0
30,0,71.50634238,1,15,20,3,3,4,4,6,1,3,12,1,0
20,6,82.7780967,1,15,18,3,1,6,5,6,2,7,8,1,0
20,5,77.76249789,1,16,15,3,2,5,5,6,2,3,10,1,0
0,17,85.79393203,1,25,10,4,1,4,8,5,2,5,8,1,0
25,0,85.85416258,1,40,38,3,2,6,6,6,2,12,18,1,0
0,20,72.91115339,1,19,5,4,2,4,2,5,1,3,20,2,0
0,13,77.92675219,1,25,40,4,4,4,2,6,2,15,17,2,0
30,20,80.83856378,1,30,30,3,2,5,2,5,2,5,8,0,0
32,12,82.71786614,1,36,10,3,2,3,4,5,1,3,13,0,0
20,0,60.08700739,1,30,15,5,1,3,5,5,1,12,12,1,0
10,0,87.09471929,1,70,40,4,1,5,4,5,2,15,18,2,0
15,0,87.09471929,1,40,38,3,1,6,3,6,2,20,14,1,1
15,8,80.83856378,1,40,20,3,1,3,6,6,2,10,10,1,0
15,7,87.09471929,1,60,34,3,1,5,5,6,2,11,10,1,0
20,6,74.68643201,1,11,15,3,1,3,5,5,2,6,14,1,0
25,10,81.31305513,1,15,25,4,1,3,2,6,1,1,16,2,0
18,6,84.01865341,1,20,34,3,2,6,4,5,2,12,12,1,0
30,5,80.77833322,1,17,7,3,3,4,2,5,1,3,10,1,0
15,10,77.76249789,1,26,25,3,1,6,2,3,2,1,15,1,0
0,0,71.44611182,1,20,28,2,1,5,4,6,2,9,5,0,0
0,13,74.68643201,1,25,25,4,2,1,2,5,1,15,17,2,0
0,0,85.62967773,1,27,31,5,1,6,2,5,2,6,8,1,1
20,0,82.7780967,1,20,30,3,1,3,5,5,2,10,6,1,0
0,0,68.12003944,1,20,8,1,2,4,2,5,1,10,8,0,0
10,5,85.85416258,1,28,15,1,1,7,9,6,1,11,8,0,0
0,20,74.58240826,1,25,31,5,1,6,2,5,2,3,8,1,0
25,30,92.1103181,1,25,29,4,1,5,7,6,2,10,7,2,0
30,0,46.20687661,1,35,25,4,1,2,5,5,2,6,3,0,0
13,5,84.01865341,1,35,31,6,1,4,3,6,2,8,9,2,0
30,15,83.85439911,1,34,14,3,2,5,2,6,1,10,14,1,0
10,5,71.50634238,1,50,20,4,1,5,5,6,1,10,11,0,0
15,10,80.83856378,1,60,20,4,2,3,2,6,1,10,10,1,0
10,0,82.6138424,1,80,34,3,2,5,3,5,2,12,12,1,0
20,8,69.73106376,1,50,6,2,2,2,2,5,3,6,6,0,0
0,30,99.97749794,1,70,36,3,1,7,9,4,2,2,14,0,0
30,20,71.19610532,1,22,18,3,1,4,2,6,2,4,3,0,0
20,20,77.92675219,1,35,7,1,1,5,5,6,2,5,4,0,0
0,0,84.07888396,1,80,5,4,1,9,11,8,2,2,20,2,0
30,0,81.31305513,1,30,18,3,1,5,1,4,2,15,16,1,0
30,20,88.86999791,1,50,8,3,1,4,2,6,2,10,6,1,0
30,30,72.97138394,1,20,37,4,1,3,8,5,2,8,14,2,0
0,31,59.69535166,1,25,30,3,2,2,4,6,1,10,8,1,0
0,25,69.6708332,1,30,40,3,2,2,3,3,2,18,18,1,0
0,0,67.89555458,1,30,40,3,2,2,3,5,2,18,18,1,0
30,0,77.76249789,1,25,12,4,2,7,9,6,2,3,9,2,0
10,0,55.54749785,1,30,17,5,1,4,1,5,1,8,9,1,0
0,30,66.65499787,1,30,40,3,1,2,3,6,2,18,18,1,0
30,10,80.77833322,1,24,13,3,2,4,1,6,2,12,12,1,0
0,20,80.94258752,1,21,10,3,2,4,7,6,2,3,7,1,0
0,20,77.76249789,1,27,10,3,1,6,3,6,1,8,7,1,0
20,30,81.00281808,1,25,13,2,1,2,6,6,2,6,9,0,0
10,10,74.68643201,1,30,10,3,2,6,4,4,2,5,6,1,0
10,10,74.68643201,1,35,8,3,2,6,4,6,1,5,7,1,0
0,0,84.01865341,2,15,27,2,1,6,8,6,2,5,6,0,1
25,3,75.98721927,2,26,8,4,3,4,6,5,2,5,8,0,0
0,0,82.7780967,2,35,35,6,2,6,2,6,2,9,11,2,0
30,0,98.20221932,2,14,29,3,1,3,3,8,1,8,7,1,0
17,25,82.30360534,2,14,33,6,1,4,6,6,2,19,15,2,0
15,0,53.70762203,2,12,31,3,1,5,6,4,2,3,11,0,0
26,20,89.09448277,2,20,39,4,2,4,2,4,1,6,15,0,0
30,20,66.65499787,2,30,5,3,2,2,4,6,2,8,10,1,0
20,20,68.43027649,2,50,25,3,2,3,2,5,2,15,14,1,0
20,25,83.85439911,2,28,35,5,1,2,2,5,2,15,13,1,0
30,6,85.62967773,2,17,15,3,2,6,5,4,2,8,14,1,0
25,0,88.86999791,2,23,10,5,1,4,7,6,1,1,4,1,0
20,10,82.24337479,2,20,15,6,3,4,2,6,2,5,8,2,0
0,20,79.0030546,2,23,5,2,2,4,8,5,1,3,2,0,0
20,15,36.39856595,2,30,11,3,1,3,8,5,2,3,4,0,0
15,20,99.97749794,2,36,24,5,2,3,3,6,2,6,6,1,0
0,25,80.77833322,2,35,27,3,1,6,6,5,1,8,15,1,0
30,20,88.70574362,2,30,29,3,1,1,3,6,1,2,7,1,0
0,0,60.3386118,1,8,30,3,1,5,8,6,1,1,5,1,0
0,0,79.53777651,1,17,15,3,1,4,7,6,1,10,15,1,0
20,0,77.76249789,1,30,10,3,2,4,8,6,2,8,6,1,0
10,10,77.76249789,1,50,6,1,2,3,2,6,1,4,6,0,0
0,0,82.07912049,1,80,26,1,1,4,4,4,2,6,6,0,0
20,0,76.46171063,1,8,15,5,2,4,5,4,2,7,10,1,0
0,30,75.98721927,1,18,27,3,1,3,8,6,2,8,5,1,0
0,0,72.80712964,1,20,20,2,1,2,2,4,2,6,8,0,0
30,25,71.67059668,1,20,6,3,2,5,8,6,2,4,5,1,0
0,0,83.85439911,1,12,31,6,2,4,2,4,2,8,8,2,0
0,0,74.68643201,1,30,8,3,1,6,2,6,1,4,7,1,0
10,10,77.76249789,1,50,12,3,3,7,9,6,1,9,13,1,0
0,0,64.87971925,1,10,10,2,1,4,4,5,2,2,5,0,0
20,0,82.6138424,1,11,27,3,1,4,8,6,2,8,5,1,0
20,20,77.92675219,1,20,12,5,2,4,3,5,2,10,14,1,0
35,20,85.31944067,1,24,25,3,1,4,5,6,2,4,3,1,0
0,0,71.67059668,1,32,41,3,1,6,4,5,2,5,16,1,0
20,15,66.17890861,1,30,3,4,2,1,8,5,1,1,8,2,0
20,25,82.6138424,1,10,6,3,2,3,3,6,1,5,6,1,0
20,30,77.92675219,1,10,5,3,2,4,7,6,1,2,5,1,0
10,0,69.89531806,1,25,32,4,2,3,4,5,2,12,10,2,0
0,0,72.97138394,1,15,10,2,1,4,2,6,2,2,11,0,0
20,25,99.97749794,1,19,35,3,1,1,6,8,2,12,14,1,0
20,25,99.97749794,1,18,25,3,1,1,6,8,2,12,14,1,0
35,0,77.92675219,1,25,15,2,3,3,3,5,2,10,13,0,0
20,5,77.76249789,2,18,36,5,1,6,4,5,2,11,11,1,0
0,35,73.0316145,2,24,30,3,1,5,7,6,2,5,6,1,0
20,5,77.76249789,2,25,38,3,2,5,4,8,2,12,15,1,0
12,12,52.30426109,2,33.251,35,3,1,4,2,4,2,15,15,1,0
0,25,84.01865341,2,40,35,4,2,4,2,5,1,10,13,2,0
15,0,77.76249789,2,41,28,3,3,6,3,6,2,6,8,1,0
20,0,77.76249789,2,40,10,3,2,4,8,6,2,6,4,1,0
22,10,83.85439911,2,16,15,3,2,6,5,5,1,12,12,1,0
12,12,80.83856378,2,33,21,3,2,4,2,6,1,15,15,1,0
15,33,85.62967773,2,30,38,3,1,5,2,6,2,15,13,1,0
10,33,92.1103181,2,30,36,3,1,5,2,3,2,12,17,1,0
20,25,95.18638398,2,13,5,5,2,4,3,6,2,5,8,1,0
20,20,85.79393203,2,28,30,5,2,4,5,6,2,8,10,1,0
30,20,68.49050705,2,20,20,3,1,5,2,6,2,5,8,1,0
25,0,89.03425221,2,35,30,4,1,4,7,6,2,8,10,2,0
20,5,71.50634238,2,19,30,3,2,5,5,6,1,10,12,1,0
20,5,77.76249789,2,19,34,3,1,6,5,6,2,10,12,1,0
10,25,74.68643201,2,30,6,3,1,3,2,8,2,6,4,1,0
18,25,99.97749794,2,50,44,5,1,4,2,5,2,18,20,1,0
20,5,74.52217771,2,19,30,5,1,5,4,6,1,10,12,1,0
40,10,85.79393203,2,20,15,5,2,4,5,5,2,8,10,1,0
20,20,74.68643201,2,23,10,3,2,4,6,6,1,10,9,1,0
25,20,82.7780967,2,24,10,2,3,3,8,6,1,8,8,0,0
30,20,88.93022847,2,29,38,3,2,6,2,5,2,12,16,1,0
20,0,77.76249789,2,50,16,3,2,3,2,5,1,9,11,1,0
0,0,84.01865341,1,15,32,5,1,4,4,6,2,10,8,1,0
36,11,90.39527003,1,20,10,5,1,7,9,5,1,12,20,1,0
18,30,80.83856378,1,25,25,1,2,4,5,6,2,6,3,0,0
18,33,65.32597444,1,20,30,3,1,3,7,6,1,10,7,1,0
25,0,88.86999791,1,29,9,3,1,4,7,6,1,5,9,1,0
50,7,61.63939907,1,20,2,1,2,4,8,4,1,2,1,0,0
30,25,72.74689909,1,30,10,2,2,3,4,6,2,5,8,0,0
20,28,47.44854994,1,30,28,3,2,5,5,6,2,5,6,1,0
20,0,71.67059668,1,35,10,3,2,6,2,6,2,6,22,1,0
0,0,84.01865341,1,50,10,3,2,2,4,6,2,8,10,1,0
10,30,62.11389042,1,40,42,6,2,6,2,6,2,6,21,2,0
25,15,85.79393203,1,10,12,3,2,5,4,6,1,8,10,1,0
20,30,71.61036612,1,19,20,3,3,4,6,6,2,10,10,1,0
25,13,77.59824359,1,20,15,3,2,3,7,6,1,7,7,1,0
10,0,88.64551306,1,30,13,3,1,3,3,6,1,5,8,1,1
40,15,84.01865341,1,30,10,4,1,6,7,6,1,8,10,1,0
20,8,88.86999791,1,24,28,2,2,3,2,6,2,4,5,0,0
0,0,74.68643201,1,30,20,5,1,5,1,5,2,12,17,2,0
15,25,88.86999791,1,30,29,4,3,5,4,5,2,5,7,0,0
0,0,80.77833322,1,15,35,3,2,4,8,6,2,10,13,1,0
20,30,77.76249789,1,20,5,4,2,4,1,5,2,10,12,2,0
30,16,82.07912049,1,30,45,4,1,3,4,5,2,25,25,2,0
15,30,74.52217771,1,35,31,5,1,4,2,6,2,7,9,1,0
15,30,79.22753946,1,33,36,3,2,3,4,6,2,6,14,1,0
15,5,71.44611182,1,15,35,4,3,4,6,6,2,10,12,2,0
15,31,84.13911452,1,30,39,5,1,3,3,5,2,1,15,1,0
15,30,90.42079168,1,30,10,3,1,3,5,6,2,2,10,1,0
20,10,74.74666256,1,18,7,1,3,2,2,6,1,12,9,0,0
30,3,82.7780967,1,20,10,3,1,3,2,6,1,10,10,1,0
20,10,77.76249789,1,25,28,3,1,4,4,6,2,5,7,1,0
0,0,80.77833322,1,23,30,4,2,3,4,6,2,7,6,2,0
20,7,80.94258752,1,50,7,4,1,4,7,6,2,2,5,0,0
50,10,72.91115339,1,40,4,4,1,4,8,5,1,3,2,0,0
14,10,72.97138394,1,100,3,3,1,3,2,5,3,3,12,1,0
10,20,77.76249789,1,44,15,5,2,3,4,6,2,12,9,1,0
0,0,88.86999791,1,12,10,3,1,4,8,6,1,3,3,0,1
10,20,92.1103181,1,32,12,4,1,4,3,6,2,6,5,0,0
20,5,63.57893199,1,18,12,3,2,4,4,5,2,2,13,1,0
20,0,83.85439911,1,20,36,3,2,6,4,6,2,5,14,1,0
0,17,91.9460638,1,25,5,3,3,4,1,6,1,10,12,1,0
20,30,74.43642551,1,20,10,3,2,5,3,6,1,5,6,1,0
14,12,80.83856378,1,35,33,3,1,7,9,6,2,12,13,1,0
40,5,65.35421061,1,35,10,4,2,4,4,4,1,8,14,2,0
15,33,95.18638398,1,30,38,3,1,3,2,4,2,15,15,1,0
10,10,87.09471929,1,60,9,3,2,7,9,6,2,8,9,1,0
0,5,67.89555458,1,20,6,2,2,4,5,6,1,2,2,0,0
0,0,77.53801304,1,50,20,3,1,4,1,6,1,15,18,1,0
18,0,68.37004594,1,24,24,3,1,5,4,6,2,2,2,0,0
20,30,78.09100649,1,16,10,3,1,1,7,6,1,15,15,1,0
30,25,79.06328516,1,19,5,3,2,2,4,6,1,3,8,1,0
0,7,74.52217771,1,19,40,4,5,2,3,6,2,15,17,1,0
22,0,77.76249789,1,21,10,4,1,4,4,6,2,1,5,2,0
10,0,77.76249789,1,28,10,3,1,4,4,8,1,10,6,1,0
0,0,72.91115339,1,30,10,3,1,4,2,5,1,8,6,1,0
30,20,82.6138424,1,33,20,5,1,5,6,6,2,8,6,1,0
20,20,69.61060265,1,30,4,3,2,5,8,6,1,3,1,1,0
25,10,69.6708332,1,45,8,5,1,4,2,5,1,5,8,1,0
18,5,75.82296497,1,10,20,3,2,4,4,5,2,13,15,1,0
20,33,69.6708332,1,18,37,3,2,4,4,3,2,14,17,1,0
0,25,58.62356374,1,24,24,3,1,6,3,6,2,2,2,0,0
0,0,65.35421061,1,17,3,3,2,4,7,6,1,8,13,1,0
11,10,69.6708332,1,20,5,1,2,3,5,5,1,10,10,0,0
0,25,70.36980941,1,18,15,5,2,4,7,6,2,9,11,1,0
0,7,77.59824359,1,25,40,4,5,2,3,5,2,15,17,2,0
0,0,82.71786614,1,21,10,5,2,4,2,6,2,5,8,1,0
20,0,77.76249789,1,17,10,3,1,3,4,6,2,1,3,1,0
0,0,85.79393203,1,24,35,3,2,5,8,6,2,2,13,1,0
0,0,77.76249789,1,20,34,3,2,6,7,4,2,2,12,1,0
20,20,82.71786614,1,20,10,3,1,4,2,4,2,20,18,1,0
19,25,77.76249789,1,20,8,4,2,5,6,5,1,5,13,2,0
20,0,71.67059668,1,24,39,5,1,4,7,5,2,1,17,1,0
0,30,77.70226734,1,12,16,5,2,6,6,6,2,4,10,1,0
25,20,74.52217771,1,25,13,4,3,5,4,5,1,8,10,2,0
20,20,69.89531806,1,26,23,3,1,4,7,6,2,7,9,1,0
16,8,77.28800654,1,35,32,3,1,5,2,6,2,9,9,1,0
50,10,72.97138394,1,30,15,5,4,7,9,4,1,5,10,2,0
15,10,50.52738456,1,35,23,3,2,5,4,5,2,3,2,0,0
20,15,58.62356374,1,30,10,4,2,2,5,6,2,5,6,0,0
10,5,62.39589131,1,30,10,3,1,6,2,5,1,3,8,0,0
20,20,69.89531806,1,41,36,3,1,6,4,5,2,1,15,1,0
20,5,75.82296497,2,16,30,5,2,5,7,6,2,1,6,1,0
30,10,71.44611182,2,20,10,2,1,4,2,5,1,3,9,0,0
15,25,91.9460638,2,25,8,5,1,4,2,6,2,5,9,1,0
0,0,66.65499787,2,23,11,4,2,6,7,5,2,6,9,2,0
18,28,80.77833322,2,23,10,5,2,4,5,6,1,10,10,1,0
0,0,71.67059668,2,23,8,4,2,5,7,6,2,5,10,2,0
20,0,96.90143205,2,25,30,3,2,2,5,8,1,2,5,1,0
50,6,82.6138424,2,30,30,2,1,4,9,5,2,20,32,0,0
18,40,74.68643201,2,32,20,5,1,6,2,8,2,7,5,1,0
0,0,82.942351,2,32,32,5,2,4,2,6,2,6,11,1,0
0,20,88.86999791,2,38,28,3,2,5,6,5,1,5,12,1,0
40,0,90.39527003,2,40,15,3,1,4,1,6,2,10,9,1,0
30,25,92.1103181,2,40,18,3,1,3,7,4,1,10,12,1,0
20,28,99.97749794,2,46,32,6,1,3,2,6,2,5,9,2,0
20,10,87.09471929,2,12,20,5,3,3,2,6,2,5,22,1,0
15,10,85.79393203,2,12,12,2,1,8,10,5,1,10,10,0,0
0,5,88.86999791,2,18,8,3,2,5,7,5,1,7,7,1,1
0,0,64.71546495,2,19,42,3,2,5,5,5,2,12,18,1,0
0,13,66.71522843,2,20,15,2,1,3,3,5,2,6,10,0,0
10,5,77.76249789,2,20,20,4,2,4,4,6,2,10,10,2,0
30,25,88.86999791,2,23,33,3,2,2,5,8,2,7,6,1,0
0,0,77.76249789,2,30,26,2,1,6,5,6,2,4,3,0,0
40,8,88.86999791,2,40,32,3,2,3,2,6,2,6,7,1,0
13,0,57.32277647,2,50,9,3,1,4,8,5,2,3,3,0,0
0,0,77.76249789,2,50,3,3,1,6,2,6,1,4,7,1,0
30,20,77.76249789,2,30,2,4,3,1,5,6,1,3,3,0,0
20,5,72.74689909,2,18,8,3,2,6,5,6,1,7,6,1,0
0,0,68.37004594,2,16,28,3,1,4,5,6,2,5,6,0,0
20,10,71.67059668,2,16,26,3,1,4,8,5,2,6,6,0,0
15,12,77.76249789,2,18,27,3,1,4,4,5,2,7,5,0,0
35,5,66.65499787,2,15,20,2,1,4,2,5,2,3,10,0,0
30,5,66.65499787,2,15,15,3,1,2,5,6,2,5,5,1,0
30,10,77.76249789,2,18,15,4,2,5,5,5,1,2,12,2,0
0,0,79.22753946,2,22,20,3,2,4,6,5,2,8,19,1,0
10,25,77.76249789,2,20,8,3,2,4,4,6,1,6,8,1,0
0,0,66.87948273,2,18,45,3,2,6,5,5,2,18,21,1,0
14,0,77.76249789,2,14,15,3,2,4,8,6,2,6,6,1,0
15,12,77.76249789,2,15,25,6,3,3,3,4,2,10,25,2,0
30,5,74.52217771,2,20,6,4,2,5,2,6,1,8,9,0,0
15,25,73.4458753,2,20,20,5,2,4,4,6,2,10,12,1,0
0,0,82.24337479,2,30,20,3,3,2,3,6,2,1,22,1,0
5,0,80.83856378,2,19,30,3,1,5,4,5,2,5,7,0,0
20,10,82.6138424,2,19,42,5,2,2,2,4,2,15,20,1,0
50,0,79.22753946,2,20,30,3,1,5,4,5,2,8,8,0,0
10,5,77.76249789,2,30,35,4,2,6,2,6,2,10,12,2,0
0,0,81.00281808,2,30,26,3,2,1,8,5,2,2,2,0,1
10,10,77.76249789,2,15,31,3,1,4,1,5,2,10,10,0,0
25,0,84.24313826,2,28,30,3,1,2,4,6,2,3,8,1,0
0,0,77.76249789,2,24,37,3,2,4,2,5,2,10,15,1,0
30,10,68.12003944,2,25,9,3,3,4,3,6,1,9,9,1,0
0,0,61.92139995,2,22,44,3,1,3,4,6,2,15,20,1,0
40,10,82.38935755,2,20,34,5,1,7,9,5,2,8,12,1,0
25,10,80.77833322,2,25,35,6,2,7,9,5,2,8,10,2,0
10,25,88.86999791,2,29,28,3,2,6,5,5,1,5,18,1,0
5,0,88.86999791,2,30,29,2,2,6,4,6,2,6,8,0,1
12,0,84.07888396,2,32,27,3,1,4,5,6,2,5,4,0,0
17,5,69.6708332,2,37,34,4,1,4,2,6,2,12,11,2,0
0,0,88.86999791,2,35,29,3,1,4,2,6,2,5,6,1,1
0,0,76.29745633,2,30,2,2,1,4,6,5,2,3,12,0,0
0,0,81.00281808,2,35,28,4,1,4,8,5,2,5,6,0,0
15,0,88.86999791,2,34,29,2,2,6,4,3,2,6,16,0,1
0,0,88.86999791,2,31,28,3,1,5,6,5,2,4,18,1,1
0,20,88.86999791,2,39,28,3,2,4,6,6,1,4,12,1,0
10,10,77.76249789,2,50,6,1,2,3,5,5,1,4,6,0,0
10,10,77.76249789,2,50,6,1,2,3,2,5,1,4,6,0,0
0,28,93.66111187,2,46,32,6,1,3,2,6,1,7,10,2,0
18,20,85.85416258,2,41,28,3,1,4,2,6,2,5,15,1,0
15,30,88.86999791,2,50,36,3,2,4,1,8,2,11,11,1,0
0,25,85.79393203,2,43,28,3,1,4,2,4,2,4,15,1,0
0,20,87.3447258,2,43,28,6,1,6,2,6,2,5,6,2,0
0,0,88.86999791,2,41,28,3,1,4,2,5,2,3,17,1,1
0,55,88.70574362,2,10,36,3,2,5,4,4,2,6,13,1,0
20,30,91.88583325,2,27,9,5,2,3,5,6,1,3,9,1,0
15,15,85.79393203,2,20,6,2,3,6,4,5,2,4,16,0,0
20,25,88.86999791,2,32,29,3,2,4,6,5,2,7,16,0,0
10,20,82.7780967,2,38,29,3,2,4,7,5,2,7,17,1,0
10,5,76.04744983,2,60,15,1,1,7,9,6,1,10,8,0,0
30,25,79.22753946,2,50,30,4,2,2,3,4,2,6,15,2,0
30,20,65.18995631,2,27,3,4,1,3,5,6,2,2,3,0,0
15,15,69.89531806,2,35,6,4,2,7,9,6,2,5,11,0,0
30,20,65.35421061,2,39,20,3,2,4,4,6,1,10,12,1,0
0,55,82.6138424,2,14,29,3,2,4,7,5,2,7,16,1,0
25,10,85.95818633,2,15,5,4,3,7,9,4,2,4,3,2,0
30,20,68.49050705,2,27,3,4,2,3,5,6,2,2,3,0,0
15,0,88.86999791,2,31,25,3,2,4,7,5,2,15,22,1,1
20,20,71.50634238,2,49,8,3,2,6,4,6,2,9,9,1,0
20,15,88.64551306,2,13,4,4,4,6,7,3,2,3,5,2,0
20,0,82.24337479,2,20,36,3,1,6,7,6,2,7,14,1,0
0,0,77.92675219,2,30,38,3,1,4,2,3,2,12,13,1,1
20,10,87.09471929,2,40,5,5,3,6,2,4,2,3,12,1,0
32,17,75.98721927,2,30,7,2,4,6,5,6,2,6,7,0,0
15,15,87.46518691,2,30,8,3,2,5,6,6,2,6,13,1,0
40,20,50.52738456,2,30,5,3,1,7,9,5,2,3,3,0,0
20,10,77.76249789,2,30,5,1,2,4,5,5,1,5,5,0,0
10,5,82.07912049,2,30,15,1,1,7,9,5,1,10,8,0,0
10,20,85.62967773,2,36,29,3,1,4,6,5,2,7,14,0,0
20,20,85.79393203,2,43,29,3,2,4,6,5,2,7,15,0,0
10,20,85.79393203,2,48,29,3,2,4,7,5,2,7,17,0,0
10,10,77.76249789,2,40,8,3,2,4,2,6,2,3,12,1,0
20,10,77.76249789,2,50,7,2,1,2,1,5,2,4,16,0,0
18,16,69.89531806,2,43,8,3,3,5,3,5,2,6,13,1,0
0,0,84.07888396,2,15,5,5,3,5,5,6,2,10,5,1,0
0,0,87.56921065,2,16,30,4,1,6,4,6,2,6,6,1,1
0,0,77.76249789,2,22,28,3,2,7,9,6,2,8,6,0,0
0,0,80.77833322,2,20,35,3,1,1,7,6,2,10,11,1,0
40,10,77.59824359,2,27,6,3,1,2,4,6,1,5,4,1,0
20,10,77.76249789,2,20,6,1,2,3,2,5,1,4,4,0,0
32,5,77.53801304,2,24,35,4,2,5,5,5,2,15,13,1,0
35,7,85.62967773,2,28,30,5,1,2,5,6,2,5,5,1,0
0,0,77.76249789,2,28,28,4,1,5,4,6,2,3,3,0,0
30,6,65.41444116,2,20,26,3,1,3,4,6,2,8,3,1,0
11,3,79.70203081,2,24,30,3,1,6,5,5,2,10,6,1,0
0,0,85.62967773,2,38,34,4,1,6,2,6,2,5,11,2,1
25,10,77.98698275,2,30,36,4,2,5,4,6,2,8,15,1,0
0,0,77.76249789,2,60,40,3,1,7,9,5,2,13,17,1,0
20,10,74.52217771,2,10,10,2,2,5,5,5,2,4,5,0,0
10,5,79.06328516,2,13,15,5,2,3,5,5,2,8,9,1,0
22,11,85.62967773,2,13,12,4,2,1,4,5,1,9,10,0,0
15,10,82.30360534,2,16,11,5,2,5,8,5,1,2,3,1,0
23,11,71.61036612,2,19,28,5,3,7,9,6,2,8,8,1,0
20,0,69.73106376,2,15,28,4,2,7,9,5,2,3,4,0,0
38,0,87.6294412,2,25,10,5,2,7,9,6,2,8,8,1,0
10,4,81.00281808,2,25,29,4,1,6,8,8,2,6,5,0,0
0,0,71.56657293,2,20,20,2,1,5,4,4,2,8,6,0,0
0,0,85.62967773,2,22,34,4,1,6,3,6,2,3,12,2,0
10,10,82.6138424,2,26,9,5,1,6,5,5,1,5,5,1,0
20,20,88.86999791,2,22,3,3,2,1,7,6,1,5,3,0,0
0,20,80.94258752,2,23,30,3,2,4,2,5,2,10,8,1,0
0,25,67.89555458,2,29,12,5,2,5,7,6,2,10,12,1,0
20,25,72.91115339,2,24,30,3,1,2,2,5,2,10,12,1,0
20,10,71.50634238,2,20,30,3,1,6,2,6,2,6,7,1,0
12,8,77.70226734,2,24,30,3,1,5,5,6,2,10,7,1,0
36,0,61.80365337,2,36,24,6,1,7,9,6,1,13,14,2,0
0,13,66.65499787,2,30,21,2,1,3,4,6,2,8,10,0,0
25,20,76.21170413,2,30,20,3,1,5,4,5,2,15,12,1,0
55,0,80.83856378,2,30,10,3,1,5,2,6,1,4,10,1,0
10,10,82.24337479,2,50,11,2,2,7,9,5,1,8,6,1,0
0,0,74.68643201,2,40,15,4,4,9,11,6,2,3,20,2,0
40,0,80.94258752,2,9,13,4,1,7,9,4,2,12,14,2,0
10,5,85.79393203,2,11,29,3,1,3,8,4,2,5,7,1,0
0,0,72.91115339,2,14,25,3,1,5,8,4,2,3,3,0,0
20,0,68.43027649,2,16,29,2,3,3,7,4,2,5,7,0,0
18,0,66.43051302,2,15,30,3,1,5,8,4,2,5,6,1,0
35,11,75.98721927,2,16,17,3,2,5,4,6,2,12,12,1,0
15,13,80.61407893,2,19,37,3,1,7,9,5,2,8,14,1,0
25,10,77.76249789,2,18,15,3,1,5,5,6,2,4,6,1,0
0,0,74.21194065,2,18,13,5,2,4,6,5,1,7,8,1,0
0,0,85.79393203,2,20,10,3,1,4,4,6,1,5,4,0,1
0,0,88.86999791,2,20,31,3,1,6,2,6,2,7,8,1,1
0,13,82.24337479,2,20,38,5,4,3,5,5,2,8,15,1,0
17,0,74.74666256,2,29,33,4,1,4,2,5,2,10,9,2,0
30,7,82.7780967,2,20,35,5,2,5,5,4,2,16,13,1,0
10,10,82.6138424,2,20,5,5,1,4,2,4,1,3,12,1,0
16,5,77.82272845,2,26,30,3,2,3,5,6,2,10,7,1,0
18,8,72.91115339,2,40,8,2,1,4,1,5,1,7,10,0,0
20,0,77.76249789,2,34,6,5,1,6,2,6,2,6,10,1,0
20,0,64.87971925,2,30,10,3,2,3,2,6,2,12,10,1,0
25,0,69.89531806,2,19,25,3,2,3,6,5,2,4,15,1,0
0,0,69.89531806,2,18,31,3,1,6,3,6,2,8,8,1,0
35,3,74.68643201,2,18,39,5,1,4,4,3,2,10,16,1,0
0,0,74.68643201,2,18,34,5,2,1,7,3,2,6,12,1,0
0,0,88.86999791,2,17,31,3,1,4,2,6,2,8,6,1,0
50,0,77.53801304,2,25,40,5,2,4,4,6,2,20,20,2,0
30,11,69.8350875,2,30,6,4,1,5,2,5,2,8,7,2,0
0,0,80.61407893,2,35,25,3,2,3,4,5,1,8,7,1,0
15,5,82.6138424,2,40,10,3,1,6,7,6,1,8,12,1,0
0,0,69.73106376,2,40,33,5,1,6,2,5,2,10,14,1,0
25,7,85.62967773,2,40,15,3,1,4,3,4,1,5,12,1,0
20,40,73.9874558,2,10,42,5,2,3,6,5,2,10,19,1,0
0,55,76.46171063,2,10,10,4,1,3,6,8,2,9,10,2,0
40,10,83.85439911,2,12,10,4,3,3,4,6,2,15,16,2,0
25,15,80.83856378,2,12,20,6,1,3,2,5,1,1,12,2,0
32,7,84.07888396,2,24,20,3,1,3,5,5,1,10,9,1,0
20,0,76.46171063,2,16,4,4,2,4,5,5,1,3,5,0,0
30,10,79.70203081,2,18,5,1,2,4,7,6,1,6,6,0,0
35,10,85.62967773,2,16,12,3,2,5,4,6,2,4,11,1,0
30,10,74.74666256,2,16,6,2,2,4,7,6,1,6,6,0,0
11,6,77.76249789,2,19,30,3,1,3,7,4,2,6,8,1,0
20,6,83.85439911,2,15,3,2,1,4,4,6,1,4,3,0,0
40,10,66.65499787,2,19,10,3,1,6,4,6,1,5,9,1,0
15,11,76.35768688,2,17,38,3,1,5,4,5,2,11,15,1,0
0,0,77.76249789,2,19,31,3,2,6,7,6,2,7,7,1,0
25,10,87.09471929,2,27,28,4,2,5,4,6,2,9,6,0,0
30,10,66.71522843,2,25,20,4,2,4,8,5,1,5,6,0,0
30,20,55.54749785,2,20,5,2,2,4,8,6,1,4,4,0,0
30,12,80.83856378,2,24,20,3,2,3,5,5,1,15,12,1,0
0,10,83.85439911,2,28,27,4,1,4,5,6,2,7,5,1,0
20,10,76.15147357,2,36,20,2,1,3,2,5,1,5,3,0,0
30,10,65.04397355,2,30,14,4,1,6,4,4,1,10,7,0,0
30,0,68.43027649,2,30,20,4,3,4,4,5,1,2,17,2,0
0,8,84.01865341,2,30,26,4,1,3,7,6,2,7,4,0,0
0,0,79.0030546,2,11,36,3,1,4,8,6,2,2,17,1,0
25,15,77.76249789,2,12,24,6,1,3,4,6,1,1,15,2,0
21,8,74.52217771,2,13,11,3,2,6,5,6,1,11,9,1,0
0,0,74.74666256,2,19,27,4,1,4,8,5,2,3,4,0,0
10,5,77.59824359,2,18,33,4,2,6,4,6,2,10,9,2,0
10,10,72.74689909,2,15,35,1,1,3,4,5,2,10,12,0,0
0,0,79.53777651,2,19,14,4,3,3,4,5,1,6,9,1,0
30,6,85.85416258,2,16,34,4,1,4,4,6,2,5,8,2,0
20,30,68.43027649,2,19,6,3,2,3,3,6,2,4,4,1,0
30,0,77.70226734,2,20,10,5,2,6,5,6,2,5,7,1,0
30,9,66.65499787,2,20,26,3,2,3,8,5,2,8,3,1,0
35,0,69.6708332,2,29,38,3,2,5,3,5,2,14,15,1,0
0,0,74.74666256,2,20,8,4,1,7,9,6,2,6,8,2,0
10,5,72.91115339,2,20,4,3,3,4,7,5,1,4,4,1,0
30,5,87.15494985,2,20,25,5,1,3,2,5,2,15,20,1,0
30,20,72.80712964,2,25,5,3,1,5,4,5,1,3,8,1,0
30,10,66.26334214,2,30,33,5,1,5,2,6,2,12,12,1,0
25,12,90.27480892,2,30,7,4,1,6,1,5,1,9,16,1,0
15,0,85.85416258,2,35,11,3,1,4,8,6,1,6,3,0,0
0,0,90.17078518,2,30,8,6,2,7,9,6,2,8,7,2,1
0,0,87.09471929,2,30,8,6,2,4,8,6,1,5,5,2,1
30,5,77.76249789,2,30,30,1,2,7,9,6,2,10,8,0,0
10,0,77.76249789,2,30,25,3,1,3,2,5,1,15,17,1,0
10,5,79.31329166,2,35,37,4,1,5,1,4,2,16,16,1,0
40,0,77.70226734,2,35,8,3,1,2,2,6,1,5,5,1,0
30,10,72.91115339,2,30,10,3,1,3,4,5,2,5,4,1,0
30,10,82.38935755,2,30,8,5,1,7,9,5,2,5,9,1,0
30,20,81.00281808,2,32,9,5,1,5,3,6,2,6,6,1,0
20,0,68.43027649,2,14,16,5,2,4,4,5,2,3,26,1,0
30,25,69.8350875,2,23,12,2,2,4,2,6,2,6,8,0,0
30,0,72.06459651,2,24,34,6,1,4,1,5,2,1,14,3,0
0,0,72.97138394,2,20,28,5,2,7,9,6,2,8,6,1,0
30,0,88.86999791,2,27,9,5,2,3,5,6,1,3,9,1,0
0,0,77.82272845,2,30,26,1,1,4,5,6,2,6,6,0,0
20,10,57.32277647,2,70,10,5,3,4,1,5,1,5,10,1,0
0,0,71.56657293,2,16,30,5,3,5,2,6,2,7,6,1,0
12,8,82.55361184,2,16,15,3,1,5,8,5,1,7,8,1,0
20,5,72.74689909,2,15,27,3,2,5,8,5,2,2,5,0,0
40,16,56.67951633,2,24,40,5,2,4,4,5,2,15,16,1,0
0,0,74.52217771,2,60,26,1,1,4,4,6,2,6,6,0,0
0,0,79.53777651,2,33,12,5,2,5,4,5,2,4,14,1,0
20,0,77.76249789,2,10,3,3,5,4,8,4,1,3,9,1,0
25,5,72.91115339,2,25,30,3,1,5,7,5,2,6,7,1,0
30,5,88.86999791,2,20,5,5,3,6,7,6,1,2,3,1,0
0,25,75.82296497,2,23,30,3,1,3,7,6,2,10,8,1,0
30,10,79.06328516,2,32,28,3,1,4,8,6,2,5,5,1,0
15,13,85.79393203,2,12,27,6,3,3,5,6,2,8,5,2,0
20,25,66.65499787,2,18,22,5,2,4,5,5,2,3,25,1,0
30,10,77.76249789,2,20,40,5,1,1,2,4,2,20,20,1,0
38,13,77.76249789,2,27,29,3,1,4,7,6,2,5,5,1,0
10,5,77.76249789,2,15,30,3,1,3,4,5,2,5,7,1,0
15,5,77.76249789,2,19,38,3,1,6,4,6,2,13,13,1,0
0,50,77.59824359,2,12,30,3,1,2,3,6,2,10,8,1,0
0,40,87.09471929,2,25,33,3,1,4,2,6,2,10,11,1,0
20,0,66.65499787,2,25,13,3,1,4,4,6,1,5,4,0,0
0,0,75.98721927,2,30,26,1,1,4,8,5,2,6,6,0,0
20,20,73.05713614,2,30,30,3,1,3,3,6,2,10,7,1,0
0,0,79.06328516,2,70,26,3,1,3,4,6,2,6,6,1,0
0,0,77.76249789,2,70,6,1,2,4,8,4,1,5,5,0,0
0,0,77.76249789,2,70,26,1,1,4,8,6,2,6,6,0,0
0,0,77.82272845,2,80,26,1,1,4,8,6,2,6,6,0,0
0,0,80.83856378,2,60,26,1,1,4,8,6,2,6,6,0,0
0,16,63.63916254,2,20,10,2,1,3,2,8,2,9,10,0,0
21,6,84.07888396,2,27,31,3,1,4,4,5,2,6,6,1,0
20,0,77.76249789,2,9,29,5,2,4,2,5,2,7,12,1,0
10,10,82.7780967,2,30,12,3,3,7,9,4,2,6,7,1,0
0,0,83.85439911,2,15,26,5,2,6,8,6,2,5,3,1,1
20,0,82.6138424,2,16,18,5,3,6,4,5,1,5,10,2,0
20,5,63.63916254,2,15,15,3,1,3,2,5,1,5,5,1,0
0,0,77.76249789,2,30,20,6,2,4,1,5,2,12,20,3,0
11,6,74.74666256,2,25,30,3,2,4,2,6,2,5,5,1,0
20,0,60.39884236,2,20,5,3,1,8,10,6,1,5,6,1,0
40,10,77.70226734,2,20,12,3,2,4,7,5,1,5,13,1,0
15,13,74.52217771,2,35,38,5,2,3,4,6,2,13,16,1,0
10,10,85.62967773,2,30,12,3,3,7,9,4,2,5,6,1,0
50,5,67.95578514,2,22,12,3,1,3,4,6,1,5,5,1,0
0,0,78.23698925,2,28,18,3,1,3,6,5,2,12,13,1,1
22,8,82.942351,2,20,9,2,1,3,2,5,2,8,9,0,0
10,10,85.62967773,2,30,16,4,3,7,9,3,2,9,12,0,1
15,20,71.50634238,2,13,15,6,2,5,6,5,1,9,11,2,0
0,0,74.68643201,2,19,27,3,1,3,8,6,2,2,4,0,0
0,0,69.73106376,2,30,35,4,1,4,2,4,2,13,13,2,0
20,0,63.10284272,2,15,15,2,2,3,3,6,2,6,10,0,0
20,5,87.09471929,2,20,10,4,3,5,7,5,2,1,4,0,0
0,0,88.80976736,2,23,25,3,1,4,2,6,2,18,19,1,1
18,13,77.76249789,2,10,10,2,2,7,9,5,1,8,10,0,0
0,0,81.00281808,2,25,40,3,2,4,2,5,2,20,15,1,0
0,0,87.7936955,2,35,40,5,2,4,2,4,2,20,16,1,1
20,0,79.53777651,2,18,36,4,1,2,4,4,2,9,12,2,0
12,0,77.59824359,2,18,21,3,1,4,5,6,1,7,10,1,0
35,11,74.52217771,2,20,37,4,1,7,9,5,2,10,13,2,0
20,20,72.91115339,2,29,30,3,1,4,2,5,2,10,10,1,0
0,0,72.91115339,2,30,35,2,1,3,5,4,2,13,12,0,0
36,5,88.93022847,2,34,35,4,3,4,5,6,2,9,16,1,0
0,0,77.76249789,2,18,12,5,1,2,4,5,2,5,11,1,0
30,10,61.63939907,2,16,8,4,1,4,2,4,1,4,15,2,0
0,0,82.7780967,2,19,19,3,1,6,6,5,1,1,9,1,0
20,5,71.67059668,2,20,15,2,1,5,2,6,1,6,5,0,0
15,0,74.68643201,2,23,33,3,1,3,5,4,2,6,8,1,0
0,25,69.6708332,2,20,31,3,2,6,4,6,2,10,9,0,0
0,25,83.85439911,2,24,10,5,2,4,6,5,1,5,13,1,0
0,25,83.85439911,2,23,35,3,1,3,2,5,2,8,13,1,0
0,0,79.53777651,2,31,30,5,1,5,5,6,2,10,6,1,0
0,0,76.68619548,2,30,5,3,1,9,11,4,2,3,15,1,0
30,0,71.67059668,2,36,16,5,1,3,4,8,2,12,16,1,0
30,10,81.00281808,1,15,19,3,1,1,2,5,2,6,12,1,0
10,0,69.89531806,1,40,35,3,1,7,9,5,2,9,12,1,0
20,20,81.00281808,1,16,10,5,1,4,6,5,2,6,12,1,0
30,0,56.72345736,1,20,14,3,3,7,9,5,1,10,10,1,0
20,30,79.53777651,1,30,29,5,2,2,5,4,2,2,4,1,0
25,15,82.7780967,1,34,25,1,1,4,8,6,2,5,3,0,0
20,0,77.70226734,1,30,32,3,2,3,4,6,2,8,8,1,0
15,40,82.7780967,1,14,5,5,2,4,3,5,1,5,9,1,0
10,20,83.85439911,1,13,29,3,1,4,6,6,2,7,7,0,0
10,20,82.6138424,1,18,29,3,2,4,4,6,2,7,7,0,0
0,0,77.28800654,1,30,17,3,1,7,9,5,1,12,7,1,0
15,10,77.76249789,1,50,8,2,1,2,2,6,2,8,8,0,0
25,28,92.1103181,1,14,18,5,2,3,4,3,2,6,12,1,0
0,20,74.85068631,1,12,18,3,2,3,3,5,2,12,14,1,0
20,10,76.35768688,1,10,10,3,1,5,4,4,2,5,8,1,0
20,0,92.1103181,1,11,29,5,1,5,5,6,2,4,5,1,0
25,0,38.11361401,1,37,32,3,1,6,1,6,2,12,12,1,0
15,0,87.25897359,2,7,47,3,1,5,6,6,2,16,25,1,0
0,0,54.24394185,2,17,20,1,1,4,5,6,2,6,7,0,0
0,0,77.76249789,2,15,15,6,3,7,9,5,2,8,8,2,0
0,17,66.65499787,2,20,10,3,2,4,6,5,1,7,12,1,0
20,0,93.88559672,2,25,30,3,2,2,5,8,2,2,5,1,0
0,0,60.78486699,2,60,5,3,2,1,8,5,2,5,3,0,0
0,0,74.68643201,2,25,10,4,2,4,2,5,1,4,6,0,0
20,20,74.46194715,2,25,30,3,2,4,3,6,2,6,7,1,0
15,25,82.7780967,2,9,35,5,1,4,2,6,2,11,12,1,0
20,20,93.72134242,2,10,9,5,2,3,4,6,1,3,9,1,0
0,25,66.65499787,2,15,20,4,2,4,7,6,2,4,4,0,0
0,0,79.0030546,2,30,10,5,4,9,11,5,2,5,25,2,0
0,0,69.73106376,2,8,20,4,2,4,7,6,2,4,4,0,0
25,25,60.39884236,2,15,5,3,3,4,8,5,2,5,4,0,0
0,0,72.74689909,2,30,40,3,1,3,2,6,2,15,16,1,0
0,0,77.59824359,2,19,31,3,1,4,1,5,2,10,8,0,0
10,6,81.00281808,2,17,10,3,1,6,2,6,1,5,4,1,0
30,20,81.00281808,2,30,25,2,2,4,5,6,1,3,3,0,0
20,25,57.32277647,1,22,36,5,2,4,2,6,2,10,12,1,0
25,6,80.83856378,1,30,40,3,1,7,9,5,2,10,16,1,0
10,20,71.73082723,1,30,15,5,2,4,4,5,2,10,12,1,0
30,20,76.46171063,1,46,15,3,1,4,6,5,1,12,13,1,0
20,20,88.86999791,1,36,10,5,2,4,6,5,2,7,12,1,0
10,10,79.70203081,1,60,6,2,2,7,9,5,2,9,9,0,0
0,50,79.22753946,1,12,10,3,2,4,3,5,1,8,16,1,0
0,0,71.50634238,1,15,27,3,2,4,8,4,2,2,4,0,0
0,20,75.92698872,1,39,30,3,2,4,5,6,2,10,8,1,0
0,0,84.01865341,1,25,34,3,2,4,2,5,2,5,11,1,0
10,10,88.86999791,1,60,11,3,2,7,9,6,2,8,8,1,0
20,15,66.71522843,1,20,10,4,1,6,3,5,1,5,13,2,0
25,15,77.76249789,1,15,35,2,1,4,5,4,2,10,10,0,0
20,30,88.86999791,1,19,29,2,2,6,4,6,2,6,12,0,0
16,6,79.0030546,1,30,31,6,1,4,3,6,2,8,8,2,0
25,10,72.91115339,1,35,10,4,1,1,3,5,1,11,8,2,0
20,30,69.73106376,1,32,7,5,1,3,7,8,2,6,7,1,0
15,0,76.04744983,1,60,5,3,4,9,11,4,2,3,25,1,0
20,0,88.86999791,1,41,29,2,2,5,4,6,2,5,15,0,0
25,0,88.86999791,1,40,28,3,1,4,2,6,2,3,11,1,0
25,0,90.33503948,2,11,25,3,1,4,8,6,2,8,6,0,0
20,13,44.86506489,2,13,38,3,1,7,9,5,2,11,15,1,0
16,8,68.49050705,2,18,27,6,2,2,7,8,2,7,3,2,0
30,10,85.31944067,2,18,20,5,2,4,2,6,1,5,10,3,0
12,10,72.91115339,2,18,5,1,2,3,7,6,1,10,4,0,0
20,0,77.76249789,2,20,30,3,1,4,2,6,1,10,15,1,0
15,25,85.79393203,2,21,20,3,2,3,2,8,2,15,22,1,0
25,0,80.77833322,2,30,39,4,1,4,3,6,2,15,15,2,0
30,5,68.12003944,2,30,9,3,1,4,7,5,2,3,9,1,0
25,0,82.55361184,2,30,39,4,1,4,3,5,2,20,15,2,0
20,25,79.37352221,2,18,20,5,2,4,4,6,2,10,10,1,0
20,25,93.88559672,2,18,17,3,3,7,9,4,2,7,23,1,0
20,30,63.63916254,2,20,32,3,1,5,4,5,2,6,8,1,0
44,14,71.83485098,2,20,30,5,2,7,9,5,2,18,25,2,0
0,0,71.44611182,2,20,26,2,1,6,8,6,2,3,3,0,0
20,0,77.70226734,2,20,28,3,2,4,2,6,1,7,6,0,0
10,0,79.53777651,2,30,12,5,2,4,6,6,2,8,11,1,0
20,20,69.6708332,2,30,20,3,2,4,4,6,2,5,7,1,0
0,0,80.83856378,2,11,18,3,2,4,7,5,2,2,15,1,0
20,10,71.30012907,2,12,30,5,3,3,5,6,2,7,6,2,0
0,25,74.68643201,2,14,8,3,1,2,8,6,1,5,1,0,0
0,0,71.44611182,2,14,25,3,1,3,8,6,2,3,3,0,0
30,5,67.89555458,2,19,6,3,1,2,7,6,2,3,12,1,0
0,30,71.67059668,2,20,35,3,2,3,7,6,2,10,12,1,0
0,35,69.89531806,2,20,35,3,1,3,7,6,1,10,12,1,0
20,10,69.5065789,2,37,4,3,2,3,3,5,2,8,10,1,0
0,20,70.05957236,2,8,31,3,1,5,6,6,2,8,6,0,0
45,5,71.67059668,2,15,23,3,2,4,8,5,2,2,3,0,0
15,0,68.43027649,2,18,28,3,2,4,3,5,2,6,6,1,0
0,0,74.68643201,2,20,20,3,2,4,2,5,1,6,10,1,0
25,0,92.1103181,2,11,30,3,1,2,5,8,2,2,5,1,0
0,0,77.92675219,2,11,26,2,2,6,4,6,2,3,4,0,0
20,10,73.22139044,2,14,15,4,2,6,5,6,2,8,9,1,0
40,0,77.76249789,2,15,37,3,1,4,2,6,2,10,15,1,0
26,15,86.70598014,2,15,46,6,1,7,9,6,2,6,23,1,0
20,25,79.06328516,2,24,30,3,2,4,3,5,2,15,13,1,0
34,8,61.22354036,2,18,42,4,1,4,4,6,2,15,18,1,0
0,13,78.83880031,2,15,15,4,1,4,8,5,1,6,6,1,0
21,5,79.47754596,2,20,39,6,1,3,2,5,2,15,19,2,0
38,0,69.89531806,2,20,21,3,1,5,2,5,1,5,10,1,0
0,0,66.87948273,2,30,25,3,2,4,8,6,2,5,2,0,0
0,0,51.00070509,2,30,19,5,2,2,3,5,2,6,22,1,0
0,0,44.37248405,2,80,12,4,1,3,5,5,2,4,5,2,0
20,25,82.7780967,2,14,10,5,1,5,3,6,2,8,6,1,0
0,30,77.76249789,2,17,33,3,1,5,4,6,2,6,7,1,0
20,20,82.6138424,2,21,10,5,1,5,3,4,2,7,6,1,0
10,10,88.86999791,2,30,11,2,2,7,9,5,1,9,8,0,1
25,0,96.90143205,2,26,30,3,1,2,5,8,2,2,5,1,0
50,10,85.85416258,2,30,27,3,2,4,2,5,2,8,6,1,0
0,0,74.68643201,2,30,10,3,1,4,4,6,1,8,6,1,0
30,10,85.79393203,2,30,15,4,1,3,5,4,1,10,15,2,0
29,10,85.62967773,2,22,39,3,1,3,4,5,2,11,15,1,0
0,0,69.73106376,2,30,15,3,1,7,9,4,1,18,17,1,0
20,25,99.97749794,2,9,10,3,1,3,2,5,2,12,15,1,0
15,25,93.72134242,2,13,24,2,1,5,7,5,1,5,2,0,0
20,0,73.34185155,2,19,6,5,1,3,3,8,2,5,5,1,0
20,30,96.4269407,2,18,10,5,1,5,3,6,2,7,6,1,0
30,20,81.06304863,2,16,20,3,1,4,7,6,2,12,13,1,0
25,25,79.53777651,2,18,10,5,1,5,3,4,2,7,6,1,0
20,12,75.76273442,2,50,6,5,2,3,2,8,2,6,22,1,0
0,0,71.67059668,2,50,10,3,2,4,2,4,1,15,16,1,0
15,25,81.00281808,2,10,21,5,1,4,6,4,2,4,18,1,0
25,8,82.6138424,2,12,4,2,1,4,4,6,1,3,5,0,0
30,15,77.76249789,2,68,15,3,1,5,6,6,2,10,15,1,0
15,20,66.65499787,2,12,1,3,4,4,8,5,1,1,5,1,0
15,0,87.09471929,2,16,33,3,3,2,5,6,1,10,10,1,0
30,20,81.00281808,2,25,10,3,1,4,3,6,2,3,4,1,0
20,20,72.74689909,2,27,10,6,1,3,7,8,2,10,10,2,0
40,15,65.35421061,2,30,3,3,2,3,5,5,2,2,1,0,0
35,0,72.74689909,2,40,36,5,1,4,2,6,2,14,13,1,0
20,15,82.6138424,2,30,24,6,1,4,2,5,2,5,16,2,0
29,13,68.49050705,2,10,30,5,1,3,8,4,2,8,6,1,0
25,15,79.22753946,2,16,5,5,1,5,2,6,1,4,8,1,0
20,25,99.97749794,2,16,56,3,1,3,5,5,2,15,35,1,0
25,25,65.04397355,2,18,20,3,1,4,4,6,2,10,12,1,0
25,15,69.58348309,2,15,2,2,2,4,7,6,2,2,2,0,0
20,25,85.62967773,2,14,10,5,1,5,3,6,2,7,7,1,0
40,10,63.57893199,2,20,9,3,1,8,10,6,2,5,5,0,0
0,0,61.80365337,2,26,31,3,2,3,5,6,2,6,5,1,0
20,5,80.77833322,2,30,5,2,1,4,4,6,1,3,1,0,0
30,7,63.57893199,2,35,32,5,1,8,10,4,2,1,10,1,0
10,10,71.44611182,2,30,6,4,1,4,2,5,1,2,10,2,0
50,10,77.53801304,2,30,15,1,1,7,9,6,1,10,9,0,0
0,0,74.52217771,2,40,8,3,1,6,3,6,1,7,8,1,0
25,0,63.57893199,2,10,30,5,2,1,4,5,2,5,18,1,0
0,0,71.44611182,2,11,36,4,3,4,2,5,2,17,14,2,0
10,0,74.52217771,2,11,32,3,1,4,6,6,2,6,10,1,0
20,10,82.6138424,2,18,15,2,1,4,4,6,2,5,5,0,0
20,25,82.46785964,2,20,40,5,1,4,7,4,2,8,23,1,0
0,25,78.68595896,2,20,40,5,1,4,2,5,2,8,23,1,0
10,25,82.6138424,2,20,30,3,1,5,8,5,2,15,19,1,0
15,25,99.97749794,2,25,10,3,1,3,2,5,2,12,16,1,0
15,5,77.76249789,2,30,16,5,1,3,3,6,2,6,14,1,0
10,10,77.76249789,2,30,4,3,2,8,10,6,2,5,7,0,0
10,5,74.52217771,2,30,24,3,1,3,8,6,2,3,3,0,0
20,20,66.59476732,2,34,20,3,1,4,4,4,1,10,13,1,0
50,0,60.56309666,2,40,15,3,1,4,2,6,2,16,17,1,0
25,10,83.79416855,2,11,10,1,2,2,3,6,1,10,7,0,0
20,0,61.63939907,2,11,11,5,2,4,3,6,2,5,15,1,0
15,0,77.76249789,2,13,14,5,1,6,7,6,2,7,6,1,0
30,15,94.96189913,2,16,3,3,3,4,4,5,2,2,2,1,0
10,10,84.07888396,2,20,8,3,2,8,10,4,2,8,7,0,0
0,0,69.73106376,2,30,5,3,1,4,5,6,1,8,6,1,0
0,25,66.65499787,2,17,10,4,1,2,8,5,2,3,1,0,0
10,10,77.70226734,2,20,6,2,2,7,9,5,2,8,9,0,0
35,0,84.01865341,2,28,29,4,2,3,2,5,2,4,5,0,0
20,10,77.76249789,2,20,13,3,2,7,9,5,2,9,6,1,0
20,0,75.22115392,2,25,18,3,2,3,6,5,2,10,13,1,0
0,0,88.86999791,2,28,37,3,1,2,3,5,2,9,14,1,1
20,0,60.39884236,2,24,24,3,1,4,5,6,1,2,2,0,0
0,0,72.74689909,2,20,10,5,1,4,6,5,2,10,20,1,0
15,25,69.89531806,2,24,30,3,2,4,3,6,2,5,6,1,0
20,20,71.50634238,2,26,30,3,2,4,4,6,2,6,7,1,0
20,15,88.39550656,2,30,2,3,3,5,4,3,2,1,6,1,0
30,0,69.89531806,2,30,10,3,1,4,1,5,1,6,16,1,0
0,0,80.83856378,2,31,43,4,2,3,3,4,2,17,18,2,0
25,0,96.73717775,2,41,32,6,1,3,4,6,2,7,10,2,0
20,30,63.63916254,2,9,10,3,2,2,5,6,2,2,10,1,0
30,0,52.40843268,2,10,5,3,3,2,4,6,2,3,18,1,0
15,20,88.86999791,2,14,39,3,1,6,7,6,2,13,16,1,0
20,20,83.85439911,2,15,15,3,2,3,4,5,2,8,13,1,0
40,0,77.76249789,2,15,20,5,1,7,9,5,2,8,15,1,0
0,20,44.43000008,2,17,5,3,1,4,8,5,2,1,10,1,0
15,15,68.20579164,2,25,8,1,2,2,8,6,1,2,1,0,0
0,0,72.91115339,2,20,8,3,1,4,2,6,1,6,6,1,0
10,30,77.76249789,2,20,30,3,1,4,5,4,2,10,12,1,0
15,25,62.17412098,2,20,3,3,3,7,9,5,1,20,15,1,0
0,30,71.50634238,2,20,32,5,2,4,4,6,2,8,7,1,0
30,10,55.25709713,2,30,5,2,2,4,8,6,1,6,6,0,0
40,18,85.48369497,2,30,6,6,3,6,2,5,2,5,12,2,0
30,15,87.31920415,2,80,39,3,1,4,2,6,2,12,15,3,0
20,15,83.85439911,2,60,40,5,1,2,7,4,2,15,16,2,0
40,15,52.46866323,2,13,27,3,2,4,4,6,2,8,4,0,0
10,5,90.27480892,2,15,20,4,2,2,2,6,2,10,14,1,0
25,0,68.43027649,2,15,5,3,2,4,2,5,2,7,15,1,0
20,30,77.76249789,2,20,30,3,1,4,2,6,2,10,10,1,0
0,0,71.67059668,2,25,35,3,2,7,9,6,2,1,16,1,0
20,10,77.76249789,2,20,6,3,2,7,9,4,2,8,6,0,0
15,5,82.6138424,2,40,37,4,1,6,2,6,2,10,13,2,1
10,10,84.07888396,2,20,6,3,2,4,1,5,2,9,7,0,0
25,10,80.83856378,2,10,3,4,3,2,4,4,2,6,4,0,0
30,0,69.89531806,2,30,5,3,1,4,5,6,1,5,7,1,0
20,0,72.91115339,2,13,26,3,1,6,8,5,2,3,3,0,0
10,0,53.54321989,2,40,8,5,1,6,5,3,1,6,6,1,0
30,15,79.0030546,2,17,10,2,1,5,5,6,2,8,6,0,0
0,0,84.01865341,2,15,15,5,3,5,4,6,2,6,10,1,0
0,0,72.91115339,2,30,6,3,1,3,2,6,1,7,7,1,0
30,10,71.13587477,2,20,8,3,2,5,4,5,1,7,8,1,0
25,5,69.89531806,2,25,10,3,1,5,5,6,1,10,11,1,0
15,5,80.83856378,2,10,5,2,1,4,4,6,1,3,4,0,0
0,0,71.67059668,2,30,10,3,1,4,5,4,1,12,12,1,0
0,0,86.01841688,2,18,12,5,1,4,4,4,2,8,10,1,0
30,10,76.15147357,2,20,29,2,3,4,1,5,2,6,9,0,0
0,0,69.89531806,2,20,25,3,1,6,5,5,2,3,2,0,0
0,0,72.74689909,2,20,7,3,1,4,2,6,1,7,7,1,0
30,10,68.37004594,2,20,20,3,1,5,4,6,2,10,12,1,0
10,0,66.65499787,2,30,15,5,1,4,2,6,2,8,12,2,0
0,0,67.95578514,2,30,5,3,2,4,2,6,1,5,12,1,0
0,0,58.62356374,2,30,10,3,1,4,4,4,1,10,17,1,0
0,0,55.54749785,2,35,29,4,3,1,5,6,2,2,5,0,0
30,0,69.73106376,2,30,5,5,2,4,5,6,1,5,6,1,0
15,0,71.44611182,2,30,30,4,2,6,4,6,2,4,7,0,0
0,25,77.76249789,1,23,28,3,1,4,4,6,2,3,4,1,0
15,0,75.98721927,1,38,10,3,3,5,8,6,2,8,5,1,0
0,0,73.4458753,1,33,15,3,2,5,4,6,1,3,11,1,0
0,0,75.98721927,1,30,35,3,1,6,2,6,2,9,12,1,0
0,0,77.76249789,1,40,17,5,2,7,9,5,2,10,11,1,1
10,10,81.00281808,1,10,8,2,1,4,2,5,2,5,10,0,0
8,0,71.61036612,1,13,15,5,1,4,5,5,2,3,4,1,0
0,0,82.24337479,1,24,25,3,2,7,9,5,1,9,12,1,1
20,10,77.76249789,1,15,10,3,2,5,5,4,2,5,9,1,0
0,0,81.00281808,1,24,12,3,2,7,9,4,1,9,11,1,0
60,10,60.56309666,1,30,5,2,3,4,4,6,1,3,3,0,0
10,25,74.52217771,1,30,10,5,1,6,6,8,2,10,9,1,0
30,10,71.50634238,1,35,6,3,3,3,4,6,2,3,6,0,0
20,15,77.76249789,1,20,10,3,1,3,4,5,1,5,6,1,0
20,8,74.68643201,1,28,21,2,1,4,2,4,1,8,12,0,0
0,0,82.6138424,1,18,15,3,1,5,8,5,1,10,6,1,0
0,0,81.00281808,1,28,28,4,2,5,7,6,2,6,6,0,0
15,5,70.11980291,1,10,7,4,1,6,4,6,1,4,4,0,0
33,10,77.98698275,1,18,6,3,2,4,4,4,1,7,7,1,0
0,0,87.09471929,1,21,10,3,2,7,9,4,1,8,12,1,0
10,0,77.76249789,1,10,20,4,2,3,6,5,2,9,10,1,0
32,5,71.50634238,1,40,29,3,3,3,4,5,2,4,6,1,0
10,5,76.21170413,1,20,8,3,2,6,4,6,1,5,6,1,0
25,0,71.50634238,1,24,31,3,2,4,2,5,2,5,9,1,0
10,10,80.83856378,1,20,13,3,2,4,3,5,2,10,12,1,0
20,25,77.76249789,1,23,33,5,1,3,4,6,2,6,8,1,0
15,15,72.74689909,1,30,20,3,1,7,9,5,1,8,12,1,0
0,0,73.1958688,1,30,36,3,1,3,2,6,2,10,12,1,0
18,0,86.01841688,1,31,20,3,1,6,2,5,1,7,14,1,0
0,0,80.77833322,1,50,31,5,1,5,2,6,2,5,10,1,0
46,32,84.07888396,2,13,12,3,2,6,4,5,1,8,12,1,0
21,24,82.7780967,2,12,12,3,2,6,5,5,1,10,12,1,0
21,8,80.83856378,2,12,13,3,2,3,4,5,1,12,16,1,0
20,20,74.68643201,2,22,30,3,1,4,3,6,2,10,8,1,0
15,10,71.67059668,2,18,35,3,1,4,2,5,2,4,14,1,0
10,0,91.9460638,2,80,29,3,2,4,4,6,2,6,5,1,1
20,0,69.73106376,2,15,15,3,3,4,4,6,1,5,11,1,0
25,0,71.44611182,2,18,37,2,2,4,7,6,1,10,15,0,0
17,6,80.83856378,2,26,27,4,1,4,8,5,2,7,4,0,0
0,0,84.07888396,2,20,10,3,1,4,3,5,1,12,14,1,0
25,6,87.09471929,2,18,20,5,2,4,5,5,1,3,16,2,0
10,6,77.45226084,2,20,23,3,3,3,2,6,2,10,20,1,0
20,15,58.93088421,2,20,15,3,1,4,2,5,2,4,8,1,0
20,7,88.86999791,2,20,38,5,2,4,6,5,2,10,15,1,0
18,0,72.97138394,2,35,12,4,2,6,2,5,1,8,13,2,0
19,18,80.83856378,2,39,37,3,1,5,2,4,2,15,15,1,0
0,0,84.07888396,2,30,38,3,1,9,11,6,2,10,15,1,0
20,10,77.76249789,2,30,22,3,2,4,2,6,1,2,15,1,0
0,0,63.57893199,2,39,12,2,1,7,9,5,1,1,3,0,0
10,5,66.65499787,2,30,10,3,1,4,2,6,2,6,10,1,0
0,0,77.76249789,2,30,35,3,1,3,2,4,2,10,10,1,0
20,10,82.6138424,2,30,23,3,1,7,9,6,1,15,14,3,0
30,20,79.76226137,2,33,17,2,2,2,4,5,2,16,21,0,0
10,6,79.45202431,2,10,25,5,3,3,5,5,2,10,22,2,0
19,18,87.09471929,2,13,14,3,2,5,4,6,1,10,12,1,0
21,9,73.0316145,2,14,12,3,2,5,5,5,1,9,11,1,0
40,0,82.55361184,2,25,15,3,1,7,9,6,1,12,10,1,0
24,13,85.79393203,2,13,11,3,2,5,5,5,1,11,12,1,0
27,25,84.07888396,2,17,10,3,2,6,5,4,1,8,11,1,0
30,5,88.86999791,2,15,13,5,1,4,8,5,1,3,4,1,0
18,15,72.74689909,2,16,12,3,2,6,5,4,1,10,11,1,0
19,17,85.79393203,2,15,10,3,2,5,7,6,1,10,13,1,0
13,10,85.62967773,2,15,11,3,2,5,7,6,1,9,10,1,0
21,18,79.59800707,2,16,12,3,2,5,5,5,1,12,11,1,0
10,10,83.79416855,2,22,37,5,1,5,4,6,2,8,14,1,1
30,10,83.85439911,2,25,36,4,1,4,4,6,2,10,12,0,0
18,8,71.61036612,2,21,19,4,2,3,6,5,1,14,11,0,0
40,5,85.62967773,2,23,19,4,2,5,5,5,1,5,10,2,0
40,11,81.00281808,2,26,20,6,2,4,7,5,1,3,10,2,0
0,0,76.46171063,2,20,36,3,1,5,2,5,2,3,8,1,1
18,20,78.83880031,2,27,25,3,1,4,4,6,2,1,8,1,0
0,0,90.80953083,2,20,16,4,2,6,2,5,1,6,7,1,1
0,25,74.52217771,2,21,28,2,2,4,5,6,2,5,6,0,0
20,0,77.76249789,2,35,20,4,2,4,2,6,2,8,9,1,0
20,0,85.62967773,2,35,33,4,1,3,4,6,2,2,10,2,0
10,10,77.76249789,2,30,11,2,2,7,9,5,1,10,9,0,0
25,8,83.79416855,2,35,18,3,2,3,4,5,1,10,8,1,0
0,0,80.83856378,2,30,37,4,2,7,9,5,2,8,13,2,0
0,0,79.06328516,2,30,20,3,4,9,11,8,2,5,15,1,0
0,0,80.61407893,2,30,20,3,4,9,11,4,1,3,15,1,1
0,0,81.00281808,2,30,20,4,1,9,11,6,1,3,20,2,0
30,0,64.87971925,2,31,20,5,2,1,5,5,2,5,16,1,0
20,10,74.68643201,2,40,20,3,1,6,4,5,2,6,7,1,0
10,10,88.86999791,2,60,12,3,2,7,9,5,2,8,6,1,1
10,10,77.76249789,2,40,13,2,2,7,9,5,2,10,6,0,0
20,25,60.50009737,2,40,35,3,1,3,5,5,2,3,13,1,0
10,10,83.85439911,2,50,8,3,2,7,9,5,2,5,6,0,0
0,0,74.74666256,2,14,26,3,1,4,8,6,2,3,3,0,0
25,0,69.6708332,2,13,37,3,2,4,4,5,2,3,14,1,0
40,7,71.13587477,2,15,27,3,1,4,7,6,2,8,4,1,0
40,0,80.83856378,2,15,20,4,1,7,9,4,2,16,12,0,0
35,0,80.77833322,2,20,10,3,5,4,5,5,1,6,7,1,0
23,5,84.01865341,2,15,33,4,2,5,8,5,2,3,10,1,0
0,0,86.930465,2,15,29,3,1,5,4,5,2,5,6,1,1
15,0,71.44611182,2,22,31,5,2,2,7,5,2,6,9,1,0
35,6,84.01865341,2,25,20,3,2,4,7,5,1,13,13,1,0
40,12,77.28800654,2,25,25,5,1,3,2,5,2,20,20,1,0
20,25,77.76249789,2,27,5,5,2,4,7,5,2,8,13,1,0
25,0,99.97749794,2,26,12,3,1,3,2,6,2,13,17,1,0
10,5,85.79393203,2,30,8,1,1,4,5,6,2,3,1,0,0
40,10,65.35421061,2,30,4,3,2,3,5,5,2,3,4,0,0
50,5,77.76249789,2,30,7,4,2,6,7,6,1,7,6,0,0
10,10,85.85416258,2,66,10,3,2,7,9,5,1,8,9,1,0
20,10,72.97138394,2,60,9,5,1,7,9,6,2,20,20,2,0
0,0,77.76249789,2,40,6,2,1,7,9,5,1,6,8,0,1
0,0,74.68643201,2,50,35,4,1,3,2,6,2,13,13,1,0
0,0,75.51113001,2,50,8,4,4,9,11,8,2,5,18,2,0
17,8,82.7780967,2,11,22,6,1,5,2,4,1,1,13,2,0
21,15,83.85439911,2,12,13,3,2,5,4,6,1,10,13,1,0
0,14,87.09471929,2,18,30,3,2,6,7,5,2,8,6,1,0
0,0,74.52217771,2,30,40,3,1,6,2,5,2,15,15,1,0
0,0,59.96377755,2,24,23,3,1,4,8,5,2,3,2,0,0
0,0,77.76249789,2,24,34,3,1,4,3,6,2,1,10,1,0
0,0,87.09471929,2,38,35,3,2,7,9,6,2,3,15,1,0
30,15,81.00281808,2,12,10,3,2,3,7,5,2,8,8,0,0
10,0,64.8194887,2,12,13,3,3,3,5,5,1,3,5,0,0
24,14,71.67059668,2,14,10,3,2,5,5,5,1,11,11,1,0
0,0,52.36177712,2,16,35,3,2,3,2,4,2,10,13,1,0
25,5,77.76249789,2,17,38,3,1,6,6,6,2,13,14,1,0
10,10,77.76249789,2,20,12,2,2,7,9,5,2,8,9,0,0
12,12,82.24337479,2,15,12,3,2,5,5,5,1,10,11,1,0
30,10,84.07888396,2,16,29,5,2,5,8,5,2,2,7,1,0
0,0,66.65499787,2,15,31,4,2,7,9,5,2,5,6,2,0
20,5,77.76249789,2,25,8,5,2,4,2,5,1,5,9,1,0
10,5,83.85439911,2,20,10,5,2,4,2,5,1,5,7,1,0
35,0,71.44611182,2,36,14,3,1,4,2,6,1,7,6,0,0
30,5,74.68643201,2,10,20,4,2,6,2,6,2,7,11,1,0
15,5,90.17078518,2,22,8,5,2,4,4,6,1,4,5,1,0
21,18,80.83856378,2,14,13,3,2,5,4,6,1,12,14,1,0
19,14,82.55361184,2,13,13,3,2,5,5,6,1,12,13,1,0
10,6,85.62967773,2,13,30,4,4,3,4,4,2,13,23,1,0
11,6,83.85439911,2,13,12,3,2,3,7,6,1,11,11,1,0
30,20,84.01865341,2,45,5,3,2,4,7,4,2,2,17,1,0
10,10,80.77833322,2,60,8,2,2,7,9,6,2,8,8,0,0
43,10,72.97138394,2,18,26,2,1,4,8,6,2,1,5,0,0
30,0,67.89555458,2,15,34,3,3,4,4,4,2,3,12,1,0
20,10,81.00281808,2,18,15,3,1,3,7,6,1,7,8,1,0
0,0,74.68643201,2,26,28,3,2,4,7,4,2,5,7,0,0
15,0,82.55361184,2,25,30,3,3,5,4,6,2,7,8,1,0
12,11,80.83856378,2,21,41,3,1,5,1,6,2,15,17,1,0
20,0,68.43027649,2,21,33,3,1,2,6,6,2,7,10,1,0
15,0,84.01865341,2,28,26,4,2,4,8,6,2,5,4,0,0
20,0,63.57893199,2,20,33,3,3,4,9,6,2,5,10,1,0
20,20,79.22753946,2,20,35,5,4,3,3,5,2,10,13,1,0
30,20,75.98721927,2,26,6,4,1,4,4,5,2,2,2,1,0
14,0,77.76249789,2,21,34,4,1,4,4,6,2,8,8,0,0
11,9,72.91115339,2,20,6,1,2,5,4,5,1,8,5,0,0
0,25,68.43027649,2,25,37,3,2,4,5,6,2,4,14,1,0
0,30,69.8350875,2,20,30,3,2,4,3,6,2,10,7,1,0
19,6,76.21170413,2,30,28,3,1,7,9,4,2,8,5,1,0
0,0,72.91115339,2,30,5,4,1,7,9,6,1,8,6,1,0
10,10,77.76249789,2,30,12,2,2,7,9,5,2,11,7,0,0
0,0,70.97162047,2,30,35,4,1,3,2,6,2,13,12,0,0
12,9,81.00281808,2,36,40,3,2,5,1,6,2,16,17,1,0
40,10,75.98721927,2,30,6,2,2,7,9,5,1,6,6,0,0
10,0,96.4269407,2,30,10,4,4,9,11,6,2,2,27,2,0
30,15,74.21194065,2,34,21,2,2,3,2,5,2,21,16,0,0
40,15,75.82296497,2,32,5,2,1,2,8,6,2,2,2,0,0
12,0,82.7780967,2,30,8,3,4,9,11,4,2,2,15,1,0
17,6,72.91115339,2,34,15,5,1,4,2,5,1,10,7,1,0
10,10,84.01865341,2,55,11,2,2,7,9,6,2,11,8,0,0
30,5,69.89531806,2,40,25,3,1,4,4,5,2,2,2,0,0
10,10,77.76249789,2,50,10,3,2,8,10,5,1,9,8,0,0
30,5,85.85416258,2,40,5,5,2,6,2,5,2,3,12,1,0
0,0,84.01865341,1,20,31,3,2,5,4,6,2,2,8,1,0
25,0,71.67059668,1,28,21,3,2,6,3,6,2,6,19,1,0
20,20,91.88583325,1,25,8,3,1,4,7,6,2,5,9,1,0
0,0,55.54749785,1,12,30,1,1,5,4,6,2,1,7,0,0
30,10,63.57893199,1,20,6,4,1,4,2,5,1,5,8,1,0
0,0,88.86999791,1,23,30,2,1,3,5,6,2,5,6,0,1
20,20,92.1103181,1,25,9,3,2,4,2,6,2,5,9,1,0
0,0,85.62967773,1,30,38,3,1,9,11,6,2,10,15,1,0
0,0,80.83856378,1,30,13,3,1,7,9,6,2,7,12,1,0
25,10,44.43000008,1,38,5,4,2,3,6,5,1,4,18,0,0
19,14,87.7936955,1,25,17,3,1,5,7,6,1,5,10,1,0
20,33,85.79393203,1,25,48,5,3,4,2,3,2,24,30,1,0
20,25,85.79393203,1,25,48,3,3,4,7,6,2,24,24,1,0
10,10,83.85439911,1,30,11,2,2,7,9,6,2,9,8,0,0
10,5,82.6138424,1,30,15,1,1,7,9,6,1,10,8,0,0
30,20,80.77833322,1,30,29,5,1,4,6,6,2,3,6,1,0
30,25,88.86999791,1,21,20,5,1,4,3,6,2,8,10,1,0
17,7,45.98510628,1,37,19,3,1,6,2,6,1,14,14,1,0
20,0,74.74666256,1,14,6,3,1,4,3,6,2,3,6,1,1
0,30,88.86999791,1,25,30,2,1,3,5,6,2,5,6,0,1
0,17,85.62967773,1,35,15,5,2,1,2,6,1,10,10,1,0
0,0,88.86999791,1,33,30,2,1,3,5,6,2,5,6,0,1
25,11,85.79393203,1,24,30,2,2,6,4,5,2,4,7,0,0
16,12,89.94630033,1,23,29,2,1,5,7,6,2,5,6,0,0
0,25,72.74689909,1,23,32,5,2,4,4,6,2,7,7,1,0
0,0,72.74689909,1,30,4,3,4,4,7,5,1,5,5,1,0
30,20,65.57869546,1,30,30,3,2,4,3,6,2,2,7,1,0
20,20,74.68643201,2,10,20,3,1,5,4,4,2,10,13,1,0
25,0,65.35421061,2,10,35,5,2,4,2,5,2,10,12,1,0
20,25,63.63916254,2,12,35,3,2,4,5,5,2,10,10,1,0
0,30,70.20555511,2,10,42,3,2,3,4,5,2,11,21,1,0
30,13,77.59824359,2,20,6,3,1,1,8,5,2,6,6,1,0
0,0,63.57893199,2,30,36,4,5,2,4,3,2,5,13,2,0
10,25,74.68643201,2,13,20,5,2,4,6,5,1,8,13,1,0
10,25,78.89903086,2,15,15,5,2,4,4,5,2,8,12,1,0
40,10,84.01865341,2,25,30,5,2,3,5,4,2,8,8,1,0
20,20,42.65472146,2,10,30,3,2,4,7,5,1,10,16,1,0
30,0,52.46866323,2,16,10,4,3,4,4,5,2,1,14,1,0
20,10,77.76249789,2,18,10,3,1,7,9,4,1,8,12,1,0
0,20,63.63916254,2,10,35,5,1,4,5,5,2,11,12,1,0
0,30,65.35421061,2,10,35,3,2,4,5,5,2,10,11,1,0
0,0,74.52217771,2,30,40,3,2,6,2,4,2,10,15,1,0
20,20,68.43027649,2,12,35,3,2,4,5,5,2,10,12,1,0
0,0,69.89531806,2,30,3,3,2,4,7,5,1,3,3,0,0
30,10,80.77833322,1,20,5,3,2,6,7,8,1,4,5,1,0
30,5,81.00281808,1,30,33,3,1,5,7,6,2,10,11,1,0
0,0,77.76249789,1,35,16,4,2,1,3,5,1,15,19,2,0
0,0,62.56014561,1,30,9,4,1,6,2,8,1,15,12,1,0
20,33,93.66111187,1,50,29,3,2,3,7,6,2,5,14,1,0
22,10,83.85439911,1,22,38,3,1,3,2,5,2,10,14,1,0
40,8,74.52217771,1,28,35,4,1,7,9,6,2,6,11,2,0
0,0,85.79393203,1,36,5,3,1,2,5,6,1,3,4,0,0
20,10,85.62967773,1,50,30,3,3,5,4,6,2,8,8,0,0
10,5,47.5088347,1,50,40,3,2,3,2,6,2,20,20,1,0
0,0,85.79393203,1,40,36,5,1,6,2,6,2,11,15,1,1
10,10,83.85439911,1,80,20,2,2,6,1,4,2,9,11,0,0
30,20,98.20221932,1,66,22,2,2,5,8,5,2,3,1,0,0
30,25,91.9460638,1,43,23,2,1,5,7,6,2,3,1,0,0
40,0,99.97749794,1,25,27,5,2,4,5,8,2,5,5,1,0
30,10,64.87971925,1,15,30,3,1,3,2,5,2,5,12,1,0
0,0,74.52217771,1,20,40,3,1,3,2,6,2,15,17,1,0
10,8,72.91115339,1,30,25,3,1,4,4,6,2,2,2,0,0
10,5,71.44611182,1,10,28,3,1,7,9,6,2,5,6,0,0
0,0,75.98721927,1,45,28,3,2,5,5,6,2,7,5,0,0
30,15,77.76249789,1,20,10,6,2,3,2,6,2,5,8,2,0
0,0,74.52217771,1,20,40,4,1,6,2,4,2,17,16,2,0
15,10,78.83880031,1,40,28,3,2,2,4,6,2,5,4,0,0
0,0,80.83856378,1,40,7,3,1,4,7,6,1,8,14,1,0
0,0,77.76249789,1,50,40,3,1,3,2,6,2,10,15,1,0
0,0,71.50634238,1,50,35,5,1,6,2,6,2,15,10,1,0
0,0,80.83856378,1,50,23,5,1,6,3,4,1,15,13,1,0
30,25,99.97749794,1,40,15,3,2,5,3,6,2,10,13,1,0
0,30,76.15147357,1,45,30,3,1,4,1,6,2,10,10,1,0
15,10,66.49074357,1,23,29,4,3,4,8,6,2,7,5,0,0
0,30,72.74689909,1,28,25,1,2,4,5,6,2,5,3,0,0
0,0,81.00281808,1,26,38,4,1,7,9,6,2,13,17,2,1
0,0,75.98721927,1,36,29,3,1,4,7,6,2,9,6,0,0
0,0,77.98698275,1,40,11,4,2,6,4,5,1,3,6,2,1
0,0,88.86999791,1,50,50,3,2,6,2,6,2,30,25,1,1
10,5,72.97138394,1,18,20,3,2,3,4,5,1,7,10,1,0
0,0,63.41467769,1,15,26,1,2,6,8,6,2,3,1,0,0
25,10,81.00281808,1,26,36,3,1,3,2,5,2,8,13,1,0
15,7,68.43027649,1,20,38,5,3,4,3,5,2,8,14,1,0
30,20,81.00281808,1,37,19,2,1,3,3,5,2,15,15,0,0
0,25,69.73106376,1,37,25,1,2,4,8,6,1,5,3,0,0
0,20,74.52217771,1,53,25,1,2,4,8,6,1,4,3,0,0
0,0,76.52194118,1,17,19,5,2,6,6,5,2,10,12,1,0
0,0,72.74689909,1,18,22,5,2,6,6,4,2,11,14,1,0
20,0,74.68643201,1,16,20,3,2,3,4,5,1,8,14,1,0
30,15,65.12972575,1,36,10,4,1,4,8,5,1,5,5,0,0
0,0,77.76249789,1,20,35,3,1,7,9,4,2,10,11,0,0
0,17,63.18727625,1,30,22,1,1,8,10,5,2,3,3,0,0
15,7,63.63916254,1,35,26,4,1,7,9,5,2,1,2,0,0
30,10,75.98721927,1,15,24,4,1,4,5,5,2,2,5,0,0
13,6,77.76249789,1,15,11,3,1,7,9,5,1,6,3,1,0
0,0,77.76249789,1,20,20,5,2,6,6,6,2,10,15,1,0
0,0,75.76273442,1,21,21,5,3,4,6,4,1,12,14,1,0
10,0,74.68643201,1,20,20,3,3,5,3,6,1,10,8,1,0
25,6,72.91115339,1,26,40,5,4,4,2,4,2,12,15,1,0
25,15,85.79393203,1,35,46,3,1,4,2,6,2,20,23,1,0
10,7,80.77833322,1,33,32,3,1,5,2,6,2,8,8,1,0
25,20,74.68643201,1,31,25,1,2,4,7,6,1,3,3,0,0
25,25,69.89531806,1,33,25,1,3,2,8,6,1,4,1,0,0
30,10,74.68643201,1,45,5,1,2,4,5,5,1,5,4,0,0
35,8,72.74689909,3,14,20,3,3,3,2,5,2,8,11,1,0
0,0,66.65499787,3,20,29,4,2,4,7,6,2,7,9,2,0
50,0,84.55337532,3,20,18,4,1,4,1,5,1,12,12,2,0
20,25,87.56921065,3,20,20,3,2,4,6,6,1,20,18,1,0
25,25,82.24337479,3,26,15,2,1,4,7,6,2,6,13,0,0
28,15,86.87023444,3,13,11,5,2,3,8,6,1,6,6,1,0
25,10,63.47490824,3,20,3,4,1,2,5,6,3,3,6,1,0
25,0,89.03425221,3,30,42,5,1,4,1,6,2,9,20,1,0
60,10,69.6708332,3,30,16,4,2,5,7,6,1,8,7,0,0
14,5,71.50634238,3,39,31,5,1,4,2,6,2,8,8,1,0
20,0,61.80365337,3,90,21,5,2,3,4,6,1,8,12,1,0
0,0,71.28185752,3,40,5,3,1,5,2,6,1,3,23,1,0
30,20,72.97138394,3,40,2,4,2,5,2,4,2,5,14,2,0
10,10,80.83856378,3,50,3,3,2,4,5,4,2,2,2,0,0
30,5,62.11389042,3,14,18,4,2,5,2,6,2,7,11,1,0
30,0,84.32889046,3,26,8,3,1,4,7,8,2,5,7,1,0
60,8,75.76273442,3,20,8,3,2,5,5,6,1,6,5,0,0
10,5,61.63939907,3,22,30,3,1,5,7,5,2,5,7,1,0
20,0,61.86388392,3,36,7,3,1,5,3,5,1,3,12,0,0
0,0,82.7780967,3,30,40,4,1,2,2,6,2,15,15,2,1
0,0,72.74689909,3,25,5,4,2,3,3,6,1,10,8,2,0
0,0,87.09471929,3,36,38,5,1,7,9,6,2,11,16,1,1
30,0,85.79393203,3,16,26,2,1,3,5,6,2,3,7,0,0
35,5,81.00281808,3,18,30,4,3,3,5,5,2,2,8,1,0
0,0,74.68643201,3,28,41,5,1,5,4,6,2,6,17,1,0
0,0,79.0030546,3,28,10,1,2,6,4,6,1,3,7,0,0
25,0,89.94630033,3,20,25,3,1,4,2,6,2,20,20,1,0
0,0,77.76249789,3,30,10,5,1,4,8,6,1,5,5,1,0
20,10,55.54749785,3,34,35,3,1,4,3,4,2,15,11,1,0
20,10,61.63939907,3,50,5,3,2,3,6,5,2,5,16,1,0
21,8,63.47490824,3,14,12,3,2,5,5,4,1,10,11,1,0
0,0,82.7780967,3,16,27,3,2,4,3,6,1,5,16,1,0
30,10,77.76249789,3,18,31,3,1,1,5,6,2,6,8,1,0
16,12,75.82296497,3,16,12,3,2,5,5,4,1,11,11,1,0
20,5,71.61036612,3,17,45,4,1,7,3,5,2,20,21,2,0
15,20,62.33837528,3,28,15,3,3,5,4,4,2,6,15,1,0
0,0,85.62967773,3,25,35,5,3,5,2,6,2,9,12,2,1
31,0,76.52194118,3,35,12,3,1,3,8,8,1,5,4,0,0
20,15,85.85416258,3,35,24,5,1,4,2,3,2,3,13,1,0
0,0,68.43027649,3,42,29,3,2,4,4,6,2,8,7,1,0
0,0,77.76249789,3,50,7,4,2,3,3,6,1,10,8,2,0
30,26,77.59824359,3,40,31,5,1,4,4,6,2,10,8,1,0
20,30,81.00281808,3,40,25,3,1,5,4,6,2,15,14,1,0
20,25,74.52217771,3,47,36,3,1,2,3,6,2,10,14,1,0
7,0,60.3386118,3,43,51,5,1,3,2,5,2,17,30,1,0
15,15,66.65499787,3,60,15,4,1,1,4,6,2,2,5,0,0
25,10,75.98721927,3,18,27,3,1,6,8,6,2,3,4,1,0
21,21,66.81925217,3,15,11,3,2,3,5,5,1,12,12,1,0
30,20,82.942351,3,21,4,4,3,7,9,3,2,2,7,2,0
0,0,80.77833322,3,20,20,5,3,5,5,6,1,11,10,1,0
10,6,72.74689909,3,35,10,3,1,6,7,5,1,6,6,1,0
14,6,85.79393203,3,40,29,3,1,5,7,5,2,7,7,1,1
12,9,90.80953083,3,40,15,3,1,5,2,5,1,8,8,1,1
15,25,85.62967773,3,60,10,5,1,5,2,6,2,8,18,1,0
0,0,77.59824359,3,15,5,4,3,5,5,6,2,10,10,1,0
30,0,72.74689909,3,18,32,6,2,6,6,4,2,8,12,1,0
20,10,83.91462966,3,16,25,3,1,4,5,5,2,18,16,1,0
18,33,93.88559672,3,30,35,5,2,4,2,5,2,10,12,1,0
19,19,77.53801304,3,16,12,3,2,5,5,6,1,11,12,1,0
28,8,85.62967773,3,20,20,3,1,3,2,6,1,6,7,1,0
30,15,77.76249789,3,35,25,3,2,4,8,6,2,6,3,0,0
21,5,69.73106376,3,30,35,3,1,4,2,6,2,7,12,1,0
20,25,55.54749785,3,50,10,3,2,4,4,5,2,3,15,1,0
20,25,84.01865341,3,18,20,3,2,1,4,6,2,6,11,1,0
25,0,69.73106376,3,17,17,5,2,5,6,4,1,7,11,1,0
22,8,77.76249789,3,16,30,3,1,8,10,6,2,8,7,0,0
15,8,82.7780967,3,20,14,5,2,8,10,4,2,12,17,1,0
0,0,84.01865341,3,25,31,3,2,6,2,5,2,6,7,1,0
50,10,77.76249789,3,30,10,3,1,4,4,6,1,5,6,1,0
19,6,84.01865341,3,30,14,2,3,7,9,5,1,10,8,0,1
0,0,66.65499787,3,30,25,4,2,3,8,6,2,5,3,1,0
20,5,82.55361184,3,30,10,3,1,7,3,5,1,5,13,1,0
10,10,71.50634238,3,60,40,4,2,6,2,5,2,15,17,2,0
0,10,68.43027649,3,52,10,3,2,4,7,4,1,7,7,1,0
0,0,80.83856378,3,40,38,5,1,7,9,6,2,15,15,1,0
20,20,82.30360534,3,60,20,4,1,7,9,6,2,10,12,0,0
0,0,71.67059668,3,60,10,4,1,4,1,6,2,5,15,1,0
40,8,74.68643201,3,40,5,4,3,4,8,5,1,7,6,0,0
0,0,77.98698275,3,60,45,4,2,3,2,8,2,15,22,2,0
0,0,74.52217771,3,50,40,4,1,3,2,4,2,15,16,2,0
10,0,77.76249789,3,60,12,6,1,4,1,6,1,10,11,2,0
0,0,82.6138424,3,40,41,4,2,7,9,5,2,20,19,2,0
30,10,77.82272845,3,65,15,3,1,3,1,8,1,10,11,1,0
15,26,85.79393203,3,68,23,5,2,5,2,5,1,5,16,1,0
20,30,80.83856378,3,55,10,5,2,5,2,5,2,8,14,1,0
20,33,82.6138424,3,55,10,5,1,5,1,3,2,8,16,1,0
25,20,82.7780967,3,66,10,5,1,5,2,6,2,8,13,1,0
20,7,75.98721927,3,25,29,1,2,7,9,6,2,8,8,0,0
0,12,74.68643201,3,20,15,3,2,3,4,6,1,5,10,1,0
0,15,59.0350558,3,40,20,4,2,4,6,5,2,18,19,2,0
20,0,80.83856378,3,20,5,3,1,4,4,6,2,8,6,1,0
15,0,71.44611182,3,22,32,3,1,3,4,6,2,6,8,1,0
0,25,95.12615343,3,28,10,3,2,3,3,6,2,6,7,1,1
0,0,87.56921065,3,30,10,5,1,3,7,6,2,12,8,1,1
15,10,77.76249789,3,15,28,3,1,4,4,5,2,7,6,0,1
10,10,77.76249789,3,18,14,4,1,8,10,6,1,7,7,0,0
22,10,77.76249789,3,16,12,3,1,7,9,6,1,5,5,0,0
10,0,66.65499787,3,30,40,3,1,6,2,6,2,20,17,1,0
10,10,79.53777651,3,50,6,1,2,3,5,5,1,4,6,0,1
10,10,71.44611182,3,50,6,1,2,3,5,6,1,4,6,0,0
30,10,74.62620145,3,15,3,5,4,3,8,6,2,4,11,2,0
25,10,77.76249789,3,15,5,4,3,2,4,4,2,5,6,2,0
40,10,87.46518691,3,24,28,3,1,4,8,6,2,4,4,1,0
0,0,80.83856378,3,30,40,3,1,7,9,5,2,15,17,1,0
30,20,58.62356374,3,20,5,2,4,4,7,4,1,5,5,0,0
50,5,79.70203081,3,20,29,4,1,5,2,6,2,8,5,0,0
28,0,50.52738456,3,20,13,1,1,3,4,5,1,6,6,0,0
0,0,73.0316145,3,60,15,4,1,4,1,6,1,5,15,1,0
0,0,84.07888396,3,20,20,3,1,4,7,6,2,15,20,1,0
18,6,85.85416258,3,29,11,3,2,4,7,6,1,5,4,0,0
10,6,81.31305513,3,10,10,3,3,1,5,6,2,3,8,1,0
18,5,77.82272845,3,39,27,3,1,4,8,6,2,3,3,1,0
0,0,69.79129431,3,30,32,3,1,2,2,6,2,12,10,1,0
20,26,74.68643201,3,35,8,5,1,4,7,5,1,3,8,1,0
30,20,60.3386118,3,30,10,4,2,4,7,5,2,3,12,2,0
20,15,57.32277647,3,50,12,2,2,1,8,6,2,2,6,0,0
0,0,88.64551306,1,25,35,3,1,5,2,6,2,5,12,1,0
20,0,74.68643201,1,20,5,3,2,6,4,6,2,8,7,1,0
13,10,85.85416258,1,23,7,3,1,4,6,4,1,6,8,0,0
35,5,49.28571123,1,22,9,6,1,6,6,6,2,15,26,2,0
0,0,74.52217771,1,20,35,4,3,2,2,6,2,10,12,2,0
50,0,74.52217771,1,20,5,2,1,4,8,4,1,8,3,0,0
20,25,85.62967773,1,30,10,3,1,5,2,6,2,8,8,1,0
20,10,77.59824359,1,38,12,5,1,6,4,6,1,6,8,1,0
14,0,52.528948,1,36,13,3,2,5,4,6,1,3,2,1,0
30,10,66.65499787,1,22,7,3,1,4,2,6,1,10,8,0,0
25,20,80.77833322,1,20,12,3,1,4,5,6,1,8,8,0,0
20,20,66.65499787,1,26,30,3,2,6,3,6,1,8,7,1,0
0,0,85.79393203,1,23,28,3,2,5,5,6,1,5,6,1,0
20,25,91.9460638,1,25,10,5,2,3,5,6,2,12,10,1,0
20,20,83.85439911,1,24,12,3,1,3,3,6,2,8,8,1,0
30,0,79.76226137,1,20,35,3,2,6,2,5,2,10,12,0,0
0,0,88.86999791,1,30,38,4,2,5,3,4,2,12,14,2,0
10,0,84.01865341,1,17,15,5,2,4,5,6,1,7,11,1,0
0,0,88.86999791,1,15,10,3,6,4,7,4,1,1,1,0,1
20,0,80.83856378,1,19,22,3,1,2,3,6,2,18,19,1,0
30,6,74.52217771,1,22,23,3,1,7,9,6,2,3,3,0,0
20,20,87.1804715,1,20,30,3,1,8,10,6,2,4,7,1,0
20,30,66.65499787,1,12,32,5,2,2,5,6,2,10,10,1,0
30,20,92.1103181,1,35,25,3,1,4,7,6,1,3,8,1,0
10,20,84.01865341,1,13,33,3,1,5,6,6,2,8,8,1,0
0,0,71.67059668,1,22,28,2,1,5,4,6,2,1,5,0,0
20,17,75.98721927,1,30,10,4,2,3,2,6,1,12,17,2,0
0,0,87.09471929,1,35,11,3,1,7,9,5,1,1,10,1,0
15,5,71.67059668,1,40,9,3,1,4,2,5,1,4,10,1,0
10,20,91.88583325,1,26,33,3,3,4,4,6,2,10,9,1,0
20,10,84.01865341,1,35,8,3,2,1,4,6,1,6,8,1,0
2,2,72.74689909,1,20,30,2,1,5,3,6,1,8,18,0,0
0,13,77.92675219,1,25,40,4,3,2,2,5,2,15,18,2,0
20,0,80.77833322,1,24,10,3,1,4,6,5,2,6,10,1,0
30,30,69.73106376,1,24,21,3,1,3,8,6,2,2,1,0,0
50,20,79.53777651,1,25,7,4,2,4,8,6,2,3,3,0,0
50,0,82.55361184,1,21,17,3,2,5,8,6,1,12,13,1,0
0,30,90.80953083,1,22,30,3,1,8,10,4,2,5,8,1,0
25,20,77.76249789,1,30,10,3,2,4,7,4,1,8,10,1,0
10,10,80.83856378,1,40,12,3,2,8,10,6,1,6,5,1,0
20,25,76.46171063,2,14,27,5,1,3,6,6,2,14,13,1,0
0,35,82.55361184,2,14,12,3,1,3,2,6,2,10,8,1,0
28,0,69.8350875,2,22,38,2,2,6,4,5,2,11,13,0,0
0,0,69.6708332,2,30,15,3,2,4,2,5,2,6,16,1,0
0,0,66.65499787,2,20,5,4,2,2,7,5,1,3,6,0,0
0,0,69.73106376,2,20,5,3,1,4,3,6,1,5,7,1,0
0,30,99.97749794,2,25,10,3,1,3,2,5,1,11,16,1,0
25,6,74.52217771,2,20,30,3,1,7,9,6,2,5,6,0,0
16,20,72.91115339,2,35,32,5,2,3,6,6,2,18,19,1,0
20,0,66.81925217,2,30,10,3,2,4,4,6,1,5,6,1,0
0,0,69.89531806,2,15,20,3,1,1,2,6,1,3,12,0,0
0,0,77.76249789,2,30,20,3,2,4,6,4,1,10,30,2,0
0,0,60.3386118,2,30,18,5,1,4,2,4,1,6,6,1,0
60,0,66.65499787,2,30,6,3,1,3,7,5,1,3,8,1,0
25,0,42.65472146,2,8,4,3,4,4,5,6,1,6,4,0,0
0,0,60.3386118,2,10,28,4,1,4,4,6,2,5,5,0,0
20,0,63.26709702,2,13,20,3,2,3,4,5,2,6,6,1,0
18,6,66.65499787,2,28,25,4,1,4,8,5,2,5,3,0,0
15,25,77.92675219,2,15,10,2,2,5,7,4,2,7,6,0,0
30,10,74.52217771,2,28,26,3,2,6,8,5,2,5,4,1,0
20,20,82.55361184,2,21,31,6,1,2,6,4,2,16,18,2,0
30,0,82.6138424,2,37,32,4,1,5,2,6,2,3,9,2,0
50,15,71.13587477,2,30,7,1,1,5,7,6,1,5,7,0,0
10,10,85.62967773,2,65,11,3,2,7,9,6,2,8,11,1,0
20,25,69.73106376,2,10,10,3,1,2,5,5,2,2,15,1,0
50,0,74.52217771,2,15,5,4,1,4,2,5,2,2,8,2,0
0,35,67.18971978,2,24,30,3,1,4,3,6,2,7,6,0,0
30,15,74.68643201,2,30,28,3,1,6,2,6,2,6,4,1,0
0,0,74.74666256,2,35,10,3,1,8,10,5,1,3,10,1,0
30,9,69.8350875,2,30,10,4,1,4,7,5,2,5,8,0,0
0,0,74.52217771,2,50,8,3,1,4,2,5,1,7,10,1,0
0,0,52.528948,2,10,3,1,2,5,7,5,1,2,3,0,0
0,0,63.41467769,2,13,10,4,2,4,5,6,1,4,3,0,0
20,20,85.62967773,2,19,38,3,1,5,7,5,1,10,15,1,0
35,12,81.00281808,2,30,30,4,1,6,9,6,2,10,6,2,0
0,0,75.98721927,2,20,30,3,3,7,9,5,2,3,7,1,0
20,20,91.9460638,2,37,40,5,1,6,4,5,2,20,20,1,0
0,20,96.73717775,2,46,32,6,1,3,4,4,2,5,10,2,0
0,0,57.32277647,2,30,5,3,1,4,7,4,1,5,6,1,0
34,12,77.76249789,2,20,15,3,2,4,8,6,2,6,6,0,0
20,5,63.57893199,2,25,15,3,1,4,4,5,1,5,5,0,0
0,0,66.65499787,2,20,36,2,1,4,2,6,2,2,14,0,0
0,20,88.86999791,2,27,38,3,1,5,2,4,2,14,15,1,0
0,0,70.97162047,2,30,6,5,1,4,1,6,1,6,7,1,0
28,5,85.62967773,2,30,13,3,1,3,8,6,2,6,6,1,0
20,15,73.4458753,2,30,20,2,1,9,11,4,2,5,18,0,0
18,20,74.58240826,2,34,34,5,1,2,6,6,2,16,18,1,0
20,0,94.96189913,2,38,32,6,1,3,4,6,2,7,10,2,1
25,0,63.57893199,2,40,5,2,2,5,4,8,1,3,15,0,0
0,0,75.98721927,2,50,10,3,2,4,1,6,1,15,15,1,0
0,55,82.6138424,1,13,33,3,1,3,4,6,2,8,8,1,0
50,0,82.30360534,1,20,32,3,1,5,1,5,2,10,9,0,0
10,5,71.13587477,1,25,28,5,1,1,8,6,2,5,5,1,0
0,17,69.73106376,1,30,20,4,1,4,2,6,1,9,10,1,0
15,10,77.76249789,1,60,38,6,1,7,9,5,2,13,15,2,0
20,30,80.83856378,1,34,30,5,1,4,6,6,2,7,16,1,0
0,13,72.74689909,1,50,3,3,2,3,7,8,2,10,23,1,0
30,8,84.07888396,1,36,5,4,2,5,8,6,1,3,1,0,0
20,25,96.90143205,1,50,31,3,1,4,2,6,2,7,6,1,0
25,0,88.86999791,1,17,28,2,1,4,2,6,2,7,14,0,0
0,55,99.97749794,1,15,35,3,1,3,4,5,2,10,10,1,0
0,50,69.89531806,1,17,4,4,1,4,7,6,2,6,15,0,0
30,10,66.65499787,1,19,15,3,1,5,2,4,2,5,11,1,0
0,0,82.07912049,1,40,17,5,1,3,6,5,1,11,10,1,1
30,20,85.56944718,1,28,20,2,2,1,2,6,2,8,8,0,0
25,5,80.83856378,1,30,15,3,1,3,8,6,2,8,6,1,0
16,6,79.1673089,1,37,30,5,1,4,2,6,2,11,8,1,0
0,0,81.00281808,1,70,15,4,2,7,9,6,1,8,6,0,0
30,25,57.21312163,1,45,20,3,1,6,2,6,2,2,9,1,0
0,30,69.73106376,1,40,10,5,1,6,2,6,2,8,10,1,0
10,33,81.00281808,1,50,33,3,1,3,4,6,2,8,8,1,0
20,0,69.89531806,2,17,30,5,1,4,6,5,1,10,18,1,0
25,25,81.00281808,2,25,29,5,1,4,5,5,2,3,6,1,0
20,0,82.6138424,2,28,34,3,1,4,5,5,2,8,12,1,0
20,0,69.73106376,2,28,6,3,2,2,4,6,1,1,8,1,0
40,15,75.98721927,2,30,37,3,1,4,2,6,2,18,15,1,0
30,15,83.85439911,2,12,20,3,1,1,4,6,2,10,11,1,0
30,0,83.85439911,2,30,10,3,1,6,5,5,2,5,4,1,0
20,20,75.98721927,2,26,28,2,1,6,7,6,2,5,6,0,0
30,25,85.79393203,2,24,37,3,1,5,6,4,2,10,15,1,0
20,0,77.53801304,2,25,31,4,1,4,7,6,2,10,9,2,0
10,0,77.59824359,2,30,25,3,2,6,4,6,2,8,13,1,0
40,0,79.06328516,2,30,12,3,1,3,2,6,2,8,5,1,0
40,5,80.30384187,2,35,13,5,1,6,2,6,2,10,5,1,0
0,0,77.92675219,2,16,11,3,2,6,8,5,1,2,3,0,0
0,25,66.87948273,2,23,32,5,2,6,5,5,2,7,7,1,0
0,40,92.1103181,2,17,32,3,1,4,6,8,1,9,7,1,0
35,0,82.7780967,2,20,15,3,1,3,2,5,1,8,7,0,0
0,0,72.97138394,2,40,47,5,1,5,6,5,2,7,25,2,0
20,20,72.91115339,2,17,6,4,1,4,5,5,2,2,2,1,0
30,0,75.98721927,2,23,10,4,1,2,5,5,2,5,4,2,0
40,0,77.59824359,2,25,30,3,1,6,2,6,2,10,6,0,0
0,0,71.50634238,2,20,12,2,1,5,7,6,1,7,5,0,0
40,10,74.21194065,2,35,8,4,1,4,9,5,1,5,4,0,0
40,10,76.15147357,2,30,15,5,2,7,9,5,1,6,9,2,0
10,10,75.98721927,2,36,39,3,2,4,2,6,2,15,16,1,0
15,30,63.74041755,2,30,11,3,2,4,3,5,1,8,20,1,0
15,30,52.94315459,2,30,5,3,1,2,5,6,2,3,4,1,0
10,10,64.8194887,2,50,11,2,2,5,8,5,1,9,9,0,0
20,0,69.89531806,2,40,33,3,1,3,4,5,1,11,13,1,0
10,10,88.86999791,2,40,13,3,2,8,10,5,2,8,8,1,1
20,10,80.77833322,1,20,5,5,1,4,4,4,1,3,8,1,0
10,10,77.76249789,1,25,8,5,2,4,2,6,1,5,12,1,0
20,20,69.89531806,1,35,25,1,3,5,8,6,1,4,3,0,0
0,0,85.62967773,1,35,35,3,1,2,7,6,2,15,12,1,1
0,0,72.91115339,1,40,28,3,1,3,5,5,2,9,4,0,0
0,0,82.6138424,1,40,35,3,2,6,4,6,2,10,13,1,1
0,0,81.00281808,1,20,35,3,1,3,4,6,2,10,12,1,1
0,0,80.83856378,1,26,42,3,1,5,2,6,2,6,17,1,0
30,10,76.29745633,1,25,12,2,3,3,8,5,1,8,5,0,0
0,0,63.57893199,1,34,28,3,1,4,4,8,2,9,3,0,0
10,0,81.00281808,1,34,30,3,2,5,2,5,2,8,7,1,0
30,10,79.06328516,1,30,6,6,1,4,7,4,2,2,7,1,0
50,0,69.5065789,1,30,10,3,2,4,4,5,2,4,10,0,0
25,10,66.65499787,1,25,5,5,1,4,8,5,2,2,5,1,0
18,30,79.06328516,1,18,10,3,2,4,4,4,2,12,12,1,0
20,10,77.70226734,1,30,10,4,2,4,4,4,1,3,8,1,0
20,0,69.6708332,1,22,20,3,1,4,7,5,1,2,5,1,0
0,0,75.82296497,1,36,35,3,1,5,7,6,2,14,13,1,0
0,0,72.97138394,1,30,5,3,1,4,4,5,1,13,17,1,0
0,20,71.67059668,1,35,20,5,1,4,6,6,2,10,20,1,0
30,10,84.07888396,1,8,5,6,4,4,4,4,1,8,10,2,0
30,6,72.91115339,1,24,10,3,1,3,2,6,2,9,13,1,0
0,35,68.49050705,1,21,17,4,1,2,4,5,2,3,1,0,0
15,12,82.7780967,1,39.62,42,3,1,6,2,6,2,15,19,1,0
30,5,85.62967773,1,40,35,3,2,6,4,6,2,10,15,1,0
30,28,58.62356374,1,40,15,3,1,3,3,8,2,10,15,1,0
0,0,82.7780967,1,12,37,5,1,4,2,6,2,5,13,1,0
10,5,77.76249789,1,30,20,3,2,3,4,6,1,8,10,1,0
20,5,77.76249789,1,36,15,3,1,5,2,6,1,8,13,1,0
50,5,69.89531806,1,32,20,2,1,7,9,6,2,10,10,0,0
0,50,99.97749794,1,13,35,3,1,3,3,5,2,10,10,1,0
0,55,82.7780967,1,12,6,3,1,6,4,4,2,8,8,1,0
15,15,74.52217771,1,35,8,3,2,6,2,5,1,15,16,1,0
20,30,78.15123705,1,30,25,3,1,7,9,5,2,7,4,1,0
50,5,77.76249789,1,30,20,3,1,5,2,6,2,12,14,1,0
20,5,77.76249789,1,20,25,3,1,3,2,6,2,10,17,1,0
0,40,60.39884236,1,19,31,2,1,4,5,6,2,10,8,0,0
20,0,88.86999791,1,15,49,5,1,4,2,5,2,1,25,1,0
20,5,77.76249789,1,30,36,3,2,4,4,5,2,10,14,1,0
30,5,77.76249789,1,35,30,2,1,7,9,6,2,6,5,0,0
0,0,77.76249789,1,30,40,3,1,6,2,5,2,13,17,1,0
23,5,60.39884236,1,19,14,4,1,7,9,6,1,1,6,1,0
40,5,77.76249789,1,28,34,3,1,7,9,5,2,10,12,1,0
10,10,68.43027649,1,80,10,4,2,6,5,5,1,8,6,0,0
40,5,77.76249789,1,25,20,3,1,3,2,6,2,10,12,1,0
0,0,66.65499787,1,32,33,3,1,3,4,6,2,7,9,1,0
10,5,77.76249789,1,30,18,2,1,6,2,5,2,10,16,0,0
40,11,75.98721927,1,30,20,3,1,3,4,6,2,10,16,1,0
0,25,76.10768038,1,30,25,3,2,7,9,6,2,7,4,1,0
15,5,66.65499787,1,40,20,3,1,6,4,4,1,12,15,1,0
10,5,72.91115339,1,40,10,3,1,3,3,5,2,6,15,1,0
0,30,74.68643201,1,19,36,4,3,4,6,6,1,15,14,2,0
0,0,75.98721927,1,20,39,5,2,4,4,5,2,5,16,1,0
0,0,74.52217771,1,20,26,5,4,4,2,5,1,7,17,1,0
0,0,72.74689909,1,23,31,5,4,3,8,5,2,4,7,1,0
20,20,92.1103181,1,25,8,3,1,4,2,6,2,5,9,1,0
20,10,72.97138394,1,30,10,5,2,4,8,5,2,3,10,1,0
0,0,72.74689909,1,45,30,3,1,4,2,4,2,15,15,1,0
0,0,74.52217771,1,22,25,5,2,3,4,5,1,8,16,1,0
0,0,77.76249789,1,20,30,5,2,4,5,5,2,4,6,1,0
20,20,99.97749794,1,23,8,5,1,4,6,6,2,6,10,1,0
0,0,74.68643201,1,40,30,5,2,5,2,6,2,6,6,1,0
0,0,77.76249789,1,20,23,5,3,4,8,5,1,6,15,1,0
20,0,92.1103181,1,16,32,6,1,3,5,6,2,6,10,2,0
0,0,74.52217771,1,20,32,5,3,3,7,5,1,5,10,1,0
20,20,88.86999791,1,22,9,3,2,4,2,5,2,5,9,1,0
20,20,91.9460638,1,25,8,3,1,4,2,6,2,5,8,1,0
0,0,71.67059668,1,25,36,3,1,3,8,5,2,5,11,1,0
50,20,80.83856378,1,20,35,4,1,3,1,5,2,15,12,0,0
0,0,72.91115339,1,20,6,5,5,4,2,5,1,6,10,1,0
0,0,71.67059668,1,20,15,5,2,4,8,5,2,3,10,1,0
20,20,88.86999791,1,33,36,3,1,3,6,6,2,12,13,1,0
0,20,93.72134242,1,30,32,6,1,6,5,6,2,5,10,2,0
0,0,82.55361184,2,17,18,3,2,5,5,6,1,12,11,1,0
30,10,63.57893199,2,22,7,3,2,4,2,6,1,8,7,1,0
14,5,84.01865341,2,29,25,4,1,3,8,6,2,3,3,0,1
20,0,83.85439911,2,23,15,5,2,4,6,5,1,12,14,1,0
20,20,84.55337532,2,21,15,3,2,5,5,6,2,8,9,1,0
17,15,77.76249789,2,36,36,3,1,5,1,6,2,14,15,1,0
20,0,95.12615343,2,36,32,6,1,2,4,6,2,7,10,2,0
20,20,96.73717775,2,38,32,6,2,4,6,6,2,7,10,2,0
0,20,76.21170413,2,34,28,3,2,4,2,6,2,1,5,1,0
30,10,77.76249789,2,10,13,3,1,7,9,5,2,8,7,0,0
0,0,80.94258752,2,20,32,3,2,5,4,6,2,8,13,1,0
20,20,84.55337532,2,21,15,3,2,4,4,6,2,7,9,1,0
35,0,71.67059668,2,20,12,3,2,3,4,6,1,10,9,1,0
20,0,77.76249789,2,28,35,3,2,4,2,5,2,7,12,1,0
0,30,87.3447258,2,33,30,3,1,5,2,5,1,5,13,1,0
10,10,85.62967773,2,60,8,3,2,7,9,6,2,9,8,1,1
20,30,66.65499787,2,12,32,5,1,2,5,6,2,10,10,1,0
10,20,81.31305513,2,21,15,3,2,4,4,5,2,8,8,1,0
0,50,76.46171063,2,13,29,5,1,4,6,4,2,14,18,1,0
30,15,77.76249789,2,20,26,2,1,3,4,5,2,8,7,0,0
12,9,80.77833322,2,32,31,3,1,5,1,5,2,7,7,1,0
0,0,83.91462966,2,15,18,4,2,3,5,6,1,12,10,1,0
50,0,53.77062132,2,30,28,3,1,4,4,6,2,10,6,1,0
0,0,68.43027649,2,25,32,5,3,3,5,5,2,3,6,1,0
30,20,99.97749794,2,29,36,5,2,7,9,5,2,10,14,1,0
0,30,94.96189913,2,39,30,5,2,4,5,6,1,6,8,1,0
20,20,76.46171063,2,21,15,3,2,4,4,6,1,8,8,1,0
